DATE,Afghanistan,Afghanistan,Albania,Albania,Algeria,Algeria,Angola,Angola,Antigua and Barbuda,Antigua and Barbuda,Argentina,Argentina,Armenia,Armenia,Australia,Australia,Austria,Austria,Azerbaijan,Azerbaijan,The Bahamas,The Bahamas,Bahrain,Bahrain,Bangladesh,Bangladesh,Barbados,Barbados,Belarus,Belarus,Belgium,Belgium,Belize,Belize,Benin,Benin,Bhutan,Bhutan,Bolivia,Bolivia,Bosnia and Herzegovina,Bosnia and Herzegovina,Botswana,Botswana,Brazil,Brazil,Brunei Darussalam,Brunei Darussalam,Bulgaria,Bulgaria,Burkina Faso,Burkina Faso,Burundi,Burundi,Cabo Verde,Cabo Verde,Cambodia,Cambodia,Cameroon,Cameroon,Canada,Canada,Central African Republic,Central African Republic,Chad,Chad,Chile,Chile,China,China,Colombia,Colombia,Comoros,Comoros,Democratic Republic of the Congo,Democratic Republic of the Congo,Republic of Congo,Republic of Congo,Costa Rica,Costa Rica,Côte d'Ivoire,Côte d'Ivoire,Croatia,Croatia,Cyprus,Cyprus,Czech Republic,Czech Republic,Denmark,Denmark,Djibouti,Djibouti,Dominica,Dominica,Dominican Republic,Dominican Republic,Ecuador,Ecuador,Egypt,Egypt,El Salvador,El Salvador,Equatorial Guinea,Equatorial Guinea,Eritrea,Eritrea,Estonia,Estonia,Ethiopia,Ethiopia,Fiji,Fiji,Finland,Finland,France,France,Gabon,Gabon,The Gambia,The Gambia,Georgia,Georgia,Germany,Germany,Ghana,Ghana,Greece,Greece,Grenada,Grenada,Guatemala,Guatemala,Guinea,Guinea,Guinea-Bissau,Guinea-Bissau,Guyana,Guyana,Haiti,Haiti,Honduras,Honduras,Hong Kong SAR,Hong Kong SAR,Hungary,Hungary,Iceland,Iceland,India,India,Indonesia,Indonesia,Islamic Republic of Iran,Islamic Republic of Iran,Iraq,Iraq,Ireland,Ireland,Israel,Israel,Italy,Italy,Jamaica,Jamaica,Japan,Japan,Jordan,Jordan,Kazakhstan,Kazakhstan,Kenya,Kenya,Kiribati,Kiribati,Korea,Korea,Kosovo,Kosovo,Kuwait,Kuwait,Kyrgyz Republic,Kyrgyz Republic,Lao P.D.R.,Lao P.D.R.,Latvia,Latvia,Lebanon,Lebanon,Lesotho,Lesotho,Liberia,Liberia,Libya,Libya,Lithuania,Lithuania,Luxembourg,Luxembourg,Macao SAR,Macao SAR,FYR Macedonia,FYR Macedonia,Madagascar,Madagascar,Malawi,Malawi,Malaysia,Malaysia,Maldives,Maldives,Mali,Mali,Malta,Malta,Marshall Islands,Marshall Islands,Mauritania,Mauritania,Mauritius,Mauritius,Mexico,Mexico,Micronesia,Micronesia,Moldova,Moldova,Mongolia,Mongolia,Montenegro,Montenegro,Morocco,Morocco,Mozambique,Mozambique,Myanmar,Myanmar,Namibia,Namibia,Nepal,Nepal,Netherlands,Netherlands,New Zealand,New Zealand,Nicaragua,Nicaragua,Niger,Niger,Nigeria,Nigeria,Norway,Norway,Oman,Oman,Pakistan,Pakistan,Palau,Palau,Panama,Panama,Papua New Guinea,Papua New Guinea,Paraguay,Paraguay,Peru,Peru,Philippines,Philippines,Poland,Poland,Portugal,Portugal,Puerto Rico,Puerto Rico,Qatar,Qatar,Romania,Romania,Russia,Russia,Rwanda,Rwanda,Samoa,Samoa,San Marino,San Marino,São Tom?and Príncipe,São Tom?and Príncipe,Saudi Arabia,Saudi Arabia,Senegal,Senegal,Serbia,Serbia,Seychelles,Seychelles,Sierra Leone,Sierra Leone,Singapore,Singapore,Slovak Republic,Slovak Republic,Slovenia,Slovenia,Solomon Islands,Solomon Islands,South Africa,South Africa,South Sudan,South Sudan,Spain,Spain,Sri Lanka,Sri Lanka,St. Kitts and Nevis,St. Kitts and Nevis,St. Lucia,St. Lucia,St. Vincent and the Grenadines,St. Vincent and the Grenadines,Sudan,Sudan,Suriname,Suriname,Swaziland,Swaziland,Sweden,Sweden,Switzerland,Switzerland,Syria,Syria,Taiwan Province of China,Taiwan Province of China,Tajikistan,Tajikistan,Tanzania,Tanzania,Thailand,Thailand,Timor-Leste,Timor-Leste,Togo,Togo,Tonga,Tonga,Trinidad and Tobago,Trinidad and Tobago,Tunisia,Tunisia,Turkey,Turkey,Turkmenistan,Turkmenistan,Tuvalu,Tuvalu,Uganda,Uganda,Ukraine,Ukraine,United Arab Emirates,United Arab Emirates,United Kingdom,United Kingdom,United States,United States,Uruguay,Uruguay,Uzbekistan,Uzbekistan,Vanuatu,Vanuatu,Venezuela,Venezuela,Vietnam,Vietnam,Yemen,Yemen,Zambia,Zambia,Zimbabwe,Zimbabwe
1980,0,0,0,0,0,0,0,0,0,0,0,0,0,0,0,0,0,0,0,0,0,0,0,0,0,0,0,0,0,0,68.61,76.36,0,0,0,0,0,0,0,0,0,0,0,0,0,0,0,0,0,0,0,0,0,0,0,0,0,0,0,0,144.94,45.41,0,0,0,0,0,0,0,0,0,0,0,0,0,0,0,0,0,0,0,0,0,0,0,0,0,0,0,0,0,0,0,0,0,0,0,0,0,0,0,0,9.73,146.23,0,0,0,0,0,0,0,0,3.67,11.03,94.1,20.76,0,0,0,0,0,0,0,0,0,0,1.51,21.24,0,0,0,0,0,0,0,0,0,0,0,0,0,0,0,0,0,0,0,0,0,0,0,0,0,0,0,0,0,0,0,0,0,0,0,0,124777.8,50.63,0,0,0,0,0,0,0,0,0,0,0,0,0,0,0,0,0,0,0,0,0,0,0,0,0,0,0,0,0,0,0,0,0,0,0,0,0,0,0,0,0,0,0,0,0,0,0,0,0,0,0,0,0,0,0,0,0,0,0,0,,,0,0,0,0,0,0,0,0,0,0,0,0,76.15,44.6,0,0,0,0,0,0,0,0,148.67,46.71,0,0,0,0,,,0,0,0,0,0,0,0,0,0,0,0,0,0,0,0,0,0,0,0,0,0,0,0,0,0,0,0,0,0,0,0,0,0,0,0,0,0,0,0,0,0,0,0,0,0,0,0,0,0,0,0,0,16,16.58,0,0,0,0,0,0,0,0,0,0,0,0,0,0,0,0,0,0,0,0,0,0,0,0,0,0,0,0,,,0,0,,,0,0,0,0,0,0,0,0,0,0,0,0,0,0,0,0,110.53,45.47,0,0,0,0,0,0,0,0,0,0,0,0,0,0,0,0,0,0
1981,0,0,0,0,0,0,0,0,0,0,0,0,0,0,0,0,0,0,0,0,0,0,0,0,0,0,0,0,0,0,84.01,89.18,0,0,0,0,0,0,0,0,0,0,0,0,0,0,0,0,0,0,0,0,0,0,0,0,0,0,0,0,170.92,46.56,0,0,0,0,0,0,0,0,0,0,0,0,0,0,0,0,0,0,0,0,0,0,0,0,0,0,0,0,0,0,0,0,0,0,0,0,0,0,0,0,17.81,221.07,0,0,0,0,0,0,0,0,4.4,11.7,110.1,21.52,0,0,0,0,0,0,0,0,0,0,2.14,25.16,0,0,0,0,0,0,0,0,0,0,0,0,0,0,0,0,0,0,0,0,0,0,0,0,0,0,0,0,0,0,0,0,0,0,0,0,146511.4,55.29,0,0,0,0,0,0,0,0,0,0,0,0,0,0,0,0,0,0,0,0,0,0,0,0,0,0,0,0,0,0,0,0,0,0,0,0,0,0,0,0,0,0,0,0,0,0,0,0,0,0,0,0,0,0,0,0,0,0,0,0,,,0,0,0,0,0,0,0,0,0,0,0,0,85.94,48,0,0,0,0,0,0,0,0,155.17,42.51,0,0,0,0,,,0,0,0,0,0,0,0,0,0,0,0,0,0,0,0,0,0,0,0,0,0,0,0,0,0,0,0,0,0,0,0,0,0,0,0,0,0,0,0,0,0,0,0,0,0,0,0,0,0,0,0,0,22.02,20.02,0,0,0,0,0,0,0,0,0,0,0,0,0,0,0,0,0,0,0,0,0,0,0,0,0,0,0,0,,,0,0,,,0,0,0,0,0,0,0,0,0,0,0,0,0,0,0,0,129.78,48.23,0,0,0,0,0,0,0,0,0,0,0,0,0,0,0,0,0,0
1982,0,0,0,0,0,0,0,0,0,0,0,0,0,0,0,0,0,0,0,0,0,0,0,0,0,0,0,0,0,0,101,99.07,0,0,0,0,0,0,0,0,0,0,0,0,0,0,0,0,0,0,0,0,0,0,0,0,0,0,0,0,202.13,52.26,0,0,0,0,0,0,0,0,0,0,0,0,0,0,0,0,0,0,0,0,0,0,0,0,0,0,0,0,0,0,0,0,0,0,0,0,0,0,0,0,30.14,260.67,0,0,0,0,0,0,0,0,5.93,14.03,148.6,25.27,0,0,0,0,0,0,0,0,0,0,2.96,27.64,0,0,0,0,0,0,0,0,0,0,0,0,0,0,0,0,0,0,11.63,28.82,0,0,0,0,0,0,0,0,0,0,0,0,0,0,0,0,164844.1,59.26,0,0,0,0,0,0,0,0,0,0,0,0,0,0,0,0,0,0,0,0,0,0,0,0,0,0,0,0,0,0,0,0,0,0,0,0,0,0,0,0,0,0,0,0,0,0,0,0,0,0,0,0,0,0,0,0,0,0,0,0,,,0,0,0,0,0,0,0,0,0,0,0,0,100.03,53.7,0,0,0,0,0,0,0,0,152.44,37.7,0,0,0,0,,,0,0,0,0,0,0,0,0,0,0,0,0,0,0,0,0,0,0,0,0,0,0,0,0,0,0,0,0,0,0,0,0,0,0,0,0,0,0,0,0,0,0,0,0,0,0,0,0,0,0,0,0,31.77,25.14,0,0,0,0,0,0,0,0,0,0,0,0,0,0,0,0,0,0,0,0,0,0,0,0,0,0,0,0,,,0,0,,,0,0,0,0,0,0,0,0,0,0,0,0,0,0,0,0,137.42,46.61,0,0,0,0,0,0,0,0,0,0,0,0,0,0,0,0,0,0
1983,0,0,0,0,0,0,0,0,0,0,0,0,0,0,0,0,0,0,0,0,0,0,0,0,0,0,0,0,0,0,118.44,109.66,0,0,0,0,0,0,0,0,0,0,0,0,0,0,0,0,0,0,0,0,0,0,0,0,0,0,0,0,242.74,57.84,0,0,0,0,0,0,0,0,0,0,0,0,0,0,0,0,0,0,0,0,0,0,0,0,0,0,0,0,0,0,0,0,0,0,0,0,0,0,0,0,39.28,259.29,0,0,0,0,0,0,0,0,7.35,15.6,173.5,26.58,0,0,0,0,0,0,0,0,0,0,4.05,31.68,0,0,0,0,0,0,0,0,0,0,0,0,0,0,0,0,0,0,21.34,30.59,0,0,0,0,0,0,0,0,0,0,0,0,0,0,0,0,187571,64.83,0,0,0,0,0,0,0,0,0,0,0,0,0,0,0,0,0,0,0,0,0,0,0,0,0,0,0,0,0,0,0,0,0,0,0,0,0,0,0,0,0,0,0,0,0,0,0,0,0,0,0,0,0,0,0,0,0,0,0,0,,,0,0,0,0,0,0,0,0,0,0,0,0,115.73,59.8,0,0,0,0,0,0,0,0,155.95,34.68,0,0,0,0,,,0,0,0,0,0,0,0,0,0,0,0,0,0,0,0,0,0,0,0,0,0,0,0,0,0,0,0,0,0,0,0,0,0,0,0,0,0,0,0,0,0,0,0,0,0,0,0,0,0,0,0,0,43.82,30.38,0,0,0,0,0,0,0,0,0,0,0,0,0,0,0,0,80.1,34.38,0,0,0,0,0,0,0,0,0,0,,,0,0,,,0,0,0,0,0,0,0,0,0,0,0,0,0,0,0,0,146.92,45.49,0,0,0,0,0,0,0,0,0,0,0,0,0,0,0,0,0,0
1984,0,0,0,0,0,0,0,0,0,0,0,0,0,0,0,0,0,0,0,0,0,0,0,0,0,0,0,0,0,0,132.98,113.97,0,0,0,0,0,0,0,0,0,0,0,0,0,0,0,0,0,0,0,0,0,0,0,0,0,0,0,0,280.13,60.87,0,0,0,0,0,0,0,0,0,0,124.16,240.96,0,0,0,0,0,0,0,0,0,0,0,0,0,0,0,0,0,0,0,0,0,0,0,0,0,0,0,0,49.59,257.94,0,0,0,0,0,0,0,0,8.12,15.42,205.5,28.96,0,0,0,0,0,0,0,0,0,0,6,37.78,0,0,0,0,0,0,0,0,0,0,0,0,0,0,0,0,0,0,29.72,32.25,0,0,0,0,0,0,0,0,0,0,0,0,0,0,0,0,204005.7,66.34,0,0,0,0,0,0,0,0,0,0,0,0,0,0,0,0,0,0,0,0,0,0,0,0,0,0,0,0,0,0,0,0,0,0,0,0,0,0,0,0,0,0,0,0,0,0,0,0,0,0,0,0,0,0,0,0,0,0,0,0,,,0,0,0,0,0,0,0,0,0,0,0,0,128.3,63.4,0,0,0,0,0,0,0,0,174.71,34.49,0,0,0,0,,,0,0,0,0,0,0,0,0,0,0,0,0,0,0,0,0,0,0,0,0,0,0,0,0,0,0,0,0,0,0,0,0,0,0,0,0,0,0,0,0,0,0,0,0,0,0,0,0,0,0,0,0,59.93,37.08,0,0,0,0,0,0,0,0,0,0,0,0,0,0,0,0,84.84,34.06,0,0,0,0,0,0,0,0,0,0,,,0,0,,,0,0,0,0,0,0,0,0,0,0,0,0,0,0,0,0,159.53,45.98,0,0,0,0,0,0,0,0,0,0,0,0,0,0,0,0,0,0
1985,0,0,0,0,0,0,0,0,0,0,0,0,0,0,0,0,0,0,0,0,0,0,0,0,0,0,0,0,0,0,147.32,118.71,0,0,0,0,0,0,0,0,0,0,0,0,0,0,0,0,0,0,0,0,0,0,0,0,0,0,0,0,328.14,65.88,0,0,0,0,0,0,0,0,0,0,123.26,228.92,0,0,0,0,0,0,0,0,0,0,0,0,0,0,0,0,0,0,0,0,0,0,0,0,0,0,0,0,60.93,183.76,0,0,0,0,0,0,0,0,9.23,16.11,232.3,30.55,0,0,0,0,0,0,0,0,0,0,8.52,43.97,0,0,0,0,0,0,0,0,0,0,0,0,0,0,0,0,0,0,39.99,31.83,0,0,0,0,0,0,0,0,0,0,0,0,0,0,0,0,220176.7,66.67,0,0,0,0,0,0,0,0,0,0,0,0,0,0,0,0,0,0,0,0,0,0,0,0,0,0,0,0,0,0,0,0,0,0,0,0,0,0,0,0,0,0,0,0,0,0,0,0,0,0,0,0,0,0,0,0,0,0,0,0,,,0,0,0,0,0,0,0,0,0,0,0,0,145.29,68.7,25.82,57.15,0,0,0,0,0,0,203.41,36.17,0,0,0,0,,,0,0,0,0,0,0,0,0,0,0,0,0,0,0,0,0,0,0,0,0,0,0,0,0,0,0,0,0,0,0,0,0,0,0,0,0,0,0,0,0,0,0,0,0,0,0,0,0,0,0,0,0,75.77,42.06,0,0,0,0,0,0,0,0,0,0,0,0,0,0,0,0,88.39,33.45,0,0,0,0,0,0,0,0,0,0,,,0,0,,,0,0,0,0,0,0,0,0,0,0,0,0,0,0,0,0,171.18,44.81,0,0,0,0,0,0,0,0,0,0,0,0,0,0,0,0,0,0
1986,0,0,0,0,0,0,0,0,0,0,0,0,0,0,0,0,0,0,0,0,0,0,0,0,0,0,0,0,0,0,161.02,123.97,0,0,0,0,0,0,0,0,0,0,0,0,0,0,0,0,0,0,0,0,0,0,0,0,0,0,0,0,367.65,70.1,0,0,0,0,0,0,0,0,0,0,122.27,217.29,0,0,0,0,0,0,0,0,0,0,0,0,0,0,0,0,0,0,0,0,0,0,0,0,0,0,0,0,47.94,152.47,0,0,0,0,0,0,0,0,10.32,16.73,254.6,31.13,0,0,0,0,0,0,0,0,0,0,10.3,44.46,0,0,0,0,0,0,0,0,0,0,0,0,0,0,0,0,0,0,49.27,29.69,0,0,0,0,0,0,0,0,0,0,0,0,0,0,0,0,241702.5,69.93,0,0,0,0,0,0,0,0,0,0,0,0,0,0,0,0,0,0,0,0,0,0,0,0,0,0,0,0,0,0,0,0,0,0,0,0,0,0,0,0,0,0,0,0,0,0,0,0,0,0,0,0,0,0,0,0,0,0,0,0,,,0,0,0,0,0,0,0,0,0,0,0,0,154.12,70.6,31.91,61.02,0,0,0,0,0,0,262.19,45.06,0,0,0,0,,,0,0,0,0,0,0,0,0,0,0,0,0,0,0,0,0,0,0,0,0,0,0,0,0,0,0,0,0,0,0,0,0,0,0,0,0,0,0,0,0,0,0,0,0,0,0,0,0,0,0,0,0,88.96,43.3,0,0,0,0,0,0,0,0,0,0,0,0,0,0,0,0,89.08,32.13,0,0,0,0,0,0,0,0,0,0,,,0,0,,,0,0,0,0,0,0,0,0,0,0,0,0,0,0,0,0,184.34,44.83,0,0,0,0,0,0,0,0,0,0,0,0,0,0,0,0,0,0
1987,0,0,0,0,0,0,0,0,0,0,0,0,0,0,0,0,0,0,0,0,0,0,0,0,0,0,0,0,0,0,173.64,128.5,0,0,0,0,0,0,0,0,0,0,0,0,0,0,0,0,0,0,0,0,0,0,0,0,0,0,0,0,403.48,70.55,0,0,0,0,0,0,0,0,0,0,121.4,205.64,0,0,0,0,0,0,0,0,0,0,0,0,0,0,0,0,0,0,0,0,0,0,0,0,0,0,0,0,47.11,141.32,0,0,0,0,0,0,0,0,11.96,17.96,287.7,33.46,0,0,0,0,0,0,0,0,0,0,12.9,49.43,0,0,0,0,0,0,0,0,0,0,0,0,0,0,0,0,0,0,58.78,27.16,0,0,0,0,0,0,0,0,0,0,0,0,0,0,0,0,260448.4,72.46,0,0,0,0,0,0,0,0,0,0,0,0,0,0,0,0,0,0,0,0,0,0,0,0,0,0,0,0,0,0,0,0,0,0,0,0,0,0,0,0,0,0,0,0,0,0,0,0,0,0,0,0,0,0,0,0,0,0,0,0,,,0,0,0,0,0,0,0,0,0,0,0,0,161.81,73,34.94,56.04,0,0,0,0,0,0,239.56,37.73,0,0,0,0,,,0,0,0,0,0,0,0,0,0,0,0,0,0,0,0,0,0,0,0,0,0,0,0,0,0,0,0,0,0,0,0,0,0,0,0,0,0,0,0,0,0,0,0,0,0,0,0,0,0,0,0,0,98.92,43.14,0,0,0,0,0,0,0,0,0,0,0,0,0,0,0,0,89.77,31.21,0,0,0,0,0,0,0,0,0,0,,,0,0,,,0,0,0,0,0,0,0,0,0,0,0,0,0,0,0,0,195.16,42.73,0,0,0,0,0,0,0,0,0,0,0,0,0,0,0,0,0,0
1988,0,0,0,0,0,0,0,0,0,0,0,0,0,0,0,0,68.62,57.49,0,0,0,0,0,0,0,0,0,0,0,0,186.44,128.95,0,0,0,0,0,0,0,0,0,0,0,0,0,0,0,0,0,0,0,0,0,0,0,0,0,0,0,0,440.3,70.52,0,0,0,0,0,0,0,0,0,0,120.22,194.54,0,0,0,0,0,0,0,0,0,0,0,0,0,0,0,0,0,0,0,0,0,0,0,0,0,0,0,0,54.97,154.5,0,0,0,0,0,0,0,0,12.69,16.83,310.3,33.39,0,0,0,0,0,0,0,0,0,0,17.09,53.82,0,0,0,0,0,0,0,0,0,0,0,0,0,0,0,0,0,0,80.85,30.41,0,0,0,0,0,0,0,0,0,0,0,0,522.73,86.24,0,0,271858.9,70.35,4.17,177.53,0,0,0,0,0,2.34,0,0,0,0,0,0,0,0,0,0,0,0,0,0,0.28,26.68,0,0,0,0,0,0,0,0,0,0,0,0,0,0,0,0,0,0,0,0,0,0,0,0,0,0,0,0,0,0,0,0,0,0,0,0,,,0,0,0,0,0,0,0,0,0,0,0,0,174.52,75.5,33.77,48.74,0,0,0,0,0,0,210.96,31.77,0,0,0,0,,,0,0,0,0,0,0,0,0,0,0,0,0,0,0,0,0,0,0,0,0,0,0,0,0,0,0,0,0,0,0,0,0,0,0,0,0,0,0,0,0,0,0,0,0,0,0,0,0,0,0,0,0,100.8,39.63,0,0,0,0,0,0,0,0,0,0,0,0,0,0,0,0,91.37,29.91,0,0,0,0,0,0,0,0,0,0,,,0,0,,,8.61,66.44,0,0,0,0,0,0,0,0,0,0,0,0,0,0,206.02,40.2,0,0,0,0,0,0,0,0,0,0,0,0,0,0,0,0,0,0
1989,0,0,0,0,0,0,0,0,0,0,0,0,0,0,66.24,17.06,72.08,56.46,0,0,0,0,0,0,0,0,0,0,0,0,197.05,125.69,0,0,0,0,0,0,0,0,0,0,0,0,0,0,0,0,0,0,0,0,0,0,0,0,0,0,0,0,480.09,71.76,0,0,0,0,0,0,0,0,0,0,119.28,188.15,0,0,0,0,0,0,0,0,0,0,0,0,0,0,0,0,0,0,0,0,0,0,0,0,0,0,0,0,62.57,187.03,0,0,0,0,0,0,0,0,12.26,14.55,342.2,34.16,0,0,0,0,0,0,0,0,0,0,21.29,56.41,0,0,0,0,0,0,0,0,0,0,0,0,0,0,0,0,0,0,114.73,35.07,0,0,0,0,0,0,0,0,0,0,0,0,590,88.65,0,0,280128.5,67.3,5.13,211.57,0,0,0,0,0,4.91,0,0,0,0,0,0,0,0,0,0,0,0,0,0,0.37,29.18,0,0,0,0,0,0,0,0,0,0,0,0,0,0,0,0,0,0,0,0,0,0,0,0,0,0,0,0,0,0,0,0,0,0,0,0,,,0,0,0,0,0,0,0,0,0,0,0,0,184.94,75.6,36.03,48.93,0,0,0,0,0,0,224.48,31.68,0,0,0,0,,,0,0,0,0,0,0,0,0,0,0,0,0,0,0,0,0,0,0,0,0,0,0,0,0,0,0,0,0,0,0,0,0,0,0,0,0,0,0,0,0,0,0,0,0,0,0,0,0,0,0,0,0,117.06,41.03,0,0,0,0,0,0,0,0,0,0,0,0,0,0,0,0,91.73,27.81,0,0,0,0,0,0,0,0,0,0,,,0,0,,,9.56,52.8,0,0,0,0,0,0,0,0,0,0,0,0,0,0,199.96,35.24,0,0,0,0,0,0,0,0,0,0,0,0,0,0,0,0,0,0
1990,0,0,0,0,0,0,0,0,1.22,98.07,0,0,0,0,68.08,16.46,76.92,56.06,0,0,0.69,0,0.14,7.55,0,0,0,0,0,0,215.4,129.57,0,0,0,0,0,0,0,0,0,0,0,0,0,0,0,0,0,0,0,0,0,0,0,0,0,0,0,0,516.5,74.53,0,0,0,0,4370.72,43.64,0,0,0,0,118.34,173.84,0,0,0,0,0,0,0,0,0,0,0,0,0,0,0,0,0,0,0.31,54.1,0,0,0,0,0,0,0,0,56.95,157,0,0,0,0,0,0,0,0,12.6,13.85,373.5,35.28,1553.09,89.99,0,0,0,0,0,0,0.09,31.98,31.42,68.99,0,0,0,0,1753.93,99.64,0,0,0,0,0,0,41.73,243.43,0,0,0,0,134.54,35.27,0,0,0,0,0,0,0,0,34.19,0,0,0,663.83,91.63,0,0,301288,67.04,6.07,219.73,0,0,0,0,0,7.6,26432.99,13.37,0,0,0.06,1.09,0,0,0,0,0,0,0,0,0.31,20.57,0,0,6.37,73.48,0,0,0,0,0,0,0,0,1089.06,118.28,0,0,94.71,75.18,0,0,0,0,0,0,0,0,0,0,0,0,0,0,0,0,0,0,,,0,0,189.73,76.27,0,0,0,0,0,0,0,0,199.05,76.9,37.83,49.34,0,0,0,0,0,0,212.61,28.35,0.92,21.09,0,0,,,0,0,0,0,4041.07,67,0,0,0,0,0,0,31.83,56.48,0,0,2.87,10.72,0,0,0,0,0,0,0,0,0,0,0,0,0,0,0,0,0,0,1.58,80.35,0,0,51.43,70.91,0,0,0,0,0,0,0,0,0,0,135.2,42.51,310.78,93.38,0,0,0.27,20.01,0.38,60.15,0,0,0,78.04,0,0,0,0,122.75,34.31,509.17,189.76,0,0,0,0,0,0,0,0,,,0,0,,,10.45,50.38,0,0,0,0,0,0,0,0,0,0,0,0,0,0,191.04,30.97,0,0,0,0,0,0,0,0,0,0,0,0,0,0,0,0,0,0
1991,0,0,0,0,671.03,77.83,0,0,1.29,99.08,0,0,0,0,89.98,21.64,82.76,56.26,0,0,0.79,24.28,0.14,7,0,0,0,0,0,0,228.24,131.05,0,0,0,0,0,0,0,0,0,0,0,0,0,0,0,0,0,0,0,0,0,0,0,0,0,0,0,0,570.14,81.54,0,0,0,0,4937.07,37.39,0,0,0,0,117.5,160.37,0,0,0,0,0,0,0,0,0,0,0,0,0,0,0,0,0,0,0.35,56.86,0,0,0,0,0,0,2.28,42.85,63,169.47,0,0,0,0,0,0,0,0,19.03,21.88,396.5,36.14,1450.24,89.35,0,0,0,0,606.6,38.4,0.11,27.7,39.61,70.43,0.34,42.03,0,0,2240.79,98.6,0,0,0,0,0,0,31.08,139.36,0,0,0,0,154.18,37.37,5076.45,75.33,0,0,0,0,0,0,36,0,0,0,750.8,94.87,0,0,316781.4,66.49,5.94,200.63,0,0,0,0,0,7.86,29810.11,12.48,0,0,6.37,203.36,0,0,0,0,0,0,0,0,0.25,13.62,0,0,6.37,66.97,0,0,0,0,0,0,0,0,1360.01,138.39,0,0,99.07,68.28,0,0,0,0,0,0,0,0,0,0,0,0,0,0,0,0,0,0,,,0,0,179.9,64,0,0,0,0,0,0,0,0,209.71,76.7,38.83,51.61,0,0,0,0,0,0,303.71,38.44,1.16,27.59,0,0,,,0,0,0,0,4571.59,49.39,0,0,0,0,0,0,38.74,59.96,0,0,4.42,17.65,0,0,0,0,0,0,0,0,0,0,0,0,194.86,39.35,0,0,0,0,1.77,89.22,0,0,59.04,73.66,0,0,0,0,0,0,0,0,0,0,150.41,43.09,366.7,95.22,0,0,0.33,22.98,0.39,58.21,0,0,0.01,81.07,0,0,0,0,134.62,36.04,568.37,182.43,0,0,0,0,0,0,0,0,,,0,0,,,11.35,51.68,8.72,66.39,0,0,0,0,0,0,0,0,0,0,0,0,201.04,30.97,0,0,0,0,0,0,3.58,15.91,0,0,0,0,0,0,0,0,0,0
1992,0,0,0,0,676.26,62.93,0,0,1.29,95.48,63.25,23.31,0,0,119.51,27.66,87.27,56.15,0,0,0.92,28.52,0.14,6.73,0,0,0,0,0,0,244.91,133.92,0,0,0,0,0,0,0,0,0,0,0,0,0,0,0,0,0,0,0,0,0,0,0,0,0,0,0,0,638.57,89.18,0,0,0,0,5117.63,30.64,0,0,0,0,116.82,157.15,0,0,0,0,0,0,0,0,0,0,0,0,0,0,616.3,66.77,0,0,0.35,53.98,0,0,0,0,0,0,2.11,35.5,57.99,136.87,0,0,0,0,26.6,90.06,1.08,46.96,33.31,39.26,452.6,39.81,1385.13,87.87,0,0,0,0,694.94,40.99,0.17,33.47,49.03,75.41,0.34,40.07,0,0,2555.79,86.28,0,0,0,0,0,0,32.59,126.78,0,0,0,0,185.64,45.1,5995.4,77.41,0,0,0,0,0,0,37.04,0,0,0,847.6,101.77,0,0,347531.3,71.22,5.47,149.75,0,0,0,0,0.01,6.98,33356.41,12.21,0,0,7.1,121.85,0,0,0,0,0,0,0,0,1.61,73.68,0,0,6.55,64.77,0,0,0,0,0,0,0,0,1535.52,137.27,0,0,97.01,59.95,0,0,0,0,0,0,0,0,0,0,0,0,0,0,0,0,0,0,,,0,0,208.8,72.54,0,0,0,0,0,0,0,0,220.61,77.4,40.35,52.2,0,0,0,0,0,0,358.38,44.08,1.36,29.55,0,0,,,0,0,0,0,3692.9,34.39,0,0,0,0,0,0,39.59,54.5,0,0,4.63,16.62,0,0,0,0,0,0,0,0,0,0,0,0,245.4,47.8,0,0,0,0,1.78,79.91,0,0,67.25,76.23,0,0,0,0,0,0,0,0,0,0,170.74,45.42,405.56,92.21,0,0,0.4,26.3,0.4,55.1,1.5,454.86,0.01,68.94,0,0,0,0,156.14,40.98,645.23,173.62,0,0,0,0,0,0,0,0,,,0,0,,,11.56,51.42,9.78,65.15,0,0,0,0,0,0,0,0,0,0,0,0,242.85,36.07,0,0,0,0,0,0,4.99,21.04,0,0,0,0,0,0,0,0,0,0
1993,0,0,0,0,880.73,74.03,0,0,1.3,90.15,71.11,25.11,0,0,139.4,30.66,97.55,60.77,0,0,1.01,31.87,0.14,6.2,0,0,0,0,0,0,260.19,138.14,0,0,0,0,4.32,62.37,0,0,0,0,0,0,0,0,0,0,0,0,0,0,0,0,0,0,0,0,0,0,707.67,95.04,0,0,0,0,5635.74,28.29,0,0,0,0,116.09,147.54,0,0,0,0,0,0,0,0,0,0,0,0,0,0,730.03,78.63,0,0,0.37,53.36,0,0,0,0,0,0,2.13,30.69,69.84,152.58,0,0,0,0,54.71,144.37,1.21,47.93,46.4,54.11,529.2,46.08,1469.38,90.14,0,0,0,0,778.87,44.54,0.32,51.04,69.24,94.58,0.38,45.28,0,0,3004.07,95.9,0,0,0,0,0,0,35.67,114.99,0,0,0,0,220.08,51.94,6861.49,76.98,0,0,0,0,0,0,41.13,0,0,0,959.11,111.81,0,0,379330.8,77.27,5.32,136.95,0,0,0,0,0.01,10.43,35372.26,11.41,0,0,8.17,113,0,0,0,0,0,0,0,0,2.04,81.44,0,0,6.56,66.37,0,0,0,0,0,0,0,0,1636,126.8,0,0,95.9,51.86,0,0,0,0,0,0,0,0,0,0,0,0,0,0,0,0,0,0,,,0,0,237.97,80.84,0,0,0,0,1.73,18.33,0,0,230.17,78.5,40.25,48.58,0,0,0,0,0,0,449.57,52.56,1.35,29.27,0,0,,,0,0,0,0,3361.84,26.59,0,0,1242.87,76.08,0,0,40.79,53.69,0,0,9.78,37.53,0,0,0,0,0,0,0,0,0,0,0,0,291.8,58.6,0,0,0,0,2.02,82.18,0,0,69.82,68.68,0,0,0,0,0,0,0,0,0,0,220.03,56.16,483.91,93.66,0,0,0.42,27,0.4,53.57,2.39,262.61,0.01,54.67,0.74,16.58,1099.4,67.28,181.58,46.65,711.41,171.94,0,0,0,0,0,0,0,0,,,0,0,,,14.65,60.93,10.71,66.91,0,0,0,0,0,0,0,0,0,0,0,0,292.24,41.22,0,0,0,0,0,0,4.94,20.27,0,0,0,0,0,0,0,0,0,0
1994,0,0,0,0,1463.25,98.38,0,0,1.43,89.66,81.82,26.54,0,0,153.15,31.77,107.64,63.86,0,0,1.1,26.7,0.14,5.86,0,0,1.93,43.98,0,0,270.57,136.31,0,0,0,0,4.38,55.1,0,0,0,0,0,0,0,0,0,0,0,0,0,0,0,0,0,0,0,0,0,0,772.02,97.79,0,0,0,0,5454.23,22.83,0,0,0,0,115.18,148.9,0,0,0,0,0,0,0,0,0,0,0,0,0,0,747.32,75.24,0,0,0.41,55.9,0,0,0,0,0,0,2.35,29.02,143.63,215.97,0,0,0,0,63.96,158.91,1.38,51.57,50.94,56.12,585.2,49.33,1765.84,71.27,0,0,0,0,856.89,46.82,0.65,76.64,76.96,92.7,0.4,45.69,0,0,3276.79,99.19,0,0,0,0,0,0,34.72,87.99,0,0,0,0,245.07,54.44,7681.37,73.46,0,0,0,0,0,0,41.67,0,0,0,1069.42,117.87,0,0,427418.2,86.22,5.5,126.29,0,0,0,0,0.01,11.78,37079.17,10.13,0,0,8.44,114.33,0,0,0,0,0,0,0,0,2.2,76.61,0,0,6.69,63.37,0,0,0,0,0,0,0,0,2083.39,114.08,0,0,93.08,44.34,0,0,0,0,0,0,0,0,0,0,0,0,0,0,0,0,0,0,,,0,0,245.71,74.99,0,0,0,0,2.02,17.45,0,0,232.02,75.3,38.8,43.58,0,0,0,0,0,0,445.12,49.61,1.52,31.97,1492.39,72.96,,,6.77,82.53,3.3,59.74,2802.27,18.69,0,0,1229.22,65.53,0,0,46.69,56.68,0,0,11.86,44.17,0,0,0,0,0,0,0,0,0,0,0,0,343.58,67.87,0,0,0,0,3.04,123.45,0,0,75.34,68.2,0,0,0,0,0,0,0,0,0,0,243.75,58.68,551.91,92.15,0,0,0.46,27.77,0.45,58.98,6.67,354.99,0.04,32.66,0.77,14.46,1215.7,69.69,199.47,49.97,824.85,162.98,0,0,0,0,0,0,0,0,,,0,0,,,18.53,65.93,11.56,67.01,0,0,0,0,0,0,0,0,0,0,0,0,330.19,44.24,0,0,0,0,0,0,5.88,21.6,0,0,0,0,0,0,0,0,0,0
1995,0,0,0,0,2329.7,116.2,0,0,1.53,98.32,88.71,28.68,0,0,159.28,31.13,119.83,68.02,0.41,19.21,1.16,26.83,0.36,14.2,0,0,2.04,44.14,0,0,276.25,130.55,0,0,0,0,3.73,40.14,0,0,0,0,0,0,0,0,0,0,0,0,0,0,0,0,0,0,0,0,0,0,832.32,100.4,0,0,0,0,5062.57,17.41,1319.84,21.52,0,0,114.37,131.74,0,0,0,0,0,0,0,0,0,0,3.59,46.81,214.6,13.58,739.97,71.39,0,0,0.44,57.42,0,0,0,0,0,0,2.5,26.33,115.15,136.87,0,0,0.25,8.92,72.27,150.12,1.45,51.85,54.35,55.15,679.3,55.46,1933.66,73.36,0,0,0,0,1027.71,54.12,0.96,75.97,86.88,93.35,0.4,43.08,0,0,3389.95,92.59,0,0,0,0,0,0,34.5,67.28,0,0,4905.21,84.46,267.61,57.67,8544.61,69.65,0,0,0,0,0,0,43.06,78.55,0,0,1070.57,108.69,0,0,476974.2,95.07,5.42,114.94,0,0,0,0,0.01,12.1,38366.08,8.95,0,0,7.41,91.28,0,0,0,0,0,0,0,0,2.37,71.86,0,0,6.97,61.59,0,0,1.23,8.08,0,0,0,0,3125.65,115.95,0,0,92.48,38.71,0,0,0,0,1.25,45.12,0.01,0,0,0,0,0,0,0,0.12,53.99,5.15,79.48,,,0,0,260.51,78.16,0,0,0,0,2.52,19.84,0,0,237.97,73.15,36.69,38.72,0,0,794.61,90.66,0,0,308.87,32.07,1.51,29.7,1594.77,65.23,,,6.77,80.75,3.38,54.52,3123.29,17.56,0,0,1324.43,62.72,165.2,48.99,51.96,58.36,0,0,12.54,42.32,0,0,0,0,388.29,119.51,0,0,0,0,0,0,398.58,74.25,0,0,0,0,3.23,133.52,0,0,86.51,67.36,8.05,40.91,1.77,16.78,0,0,0,0,0,0,283.46,63.38,635.7,92.05,0,0,0.47,27.02,0.43,51.76,9.29,219.55,0.07,17.41,0.88,13.84,1315.06,69.82,213.58,52.84,871.55,152.64,0,0,0,0,0,0,0,0,,,0,0,,,18.13,58.29,12.8,68.84,0,0,0,0,0,0,0,0,0,0,0,0,371.85,47.42,0,0,0,0,0,0,6.73,24.06,0,0,0,0,0,0,0,0,0,0
1996,0,0,0,0,2522.4,98.15,0,0,1.57,91.67,99.05,30.39,269.65,40.78,159.17,29.31,123.78,67.96,0.46,16.72,1.2,26.48,0.36,13.68,0,0,2.1,42.74,0,0,276.35,127.97,0,0,0,0,4.07,38.17,0,0,0,0,0,0,0,0,0,0,0,0,0,0,0,0,0,0,2774.46,30.15,0,0,861.93,100.57,0,0,0,0,4724.48,14.75,1532.81,21.33,32830.76,27.11,113.59,128.45,0,0,0,0,817.12,32.38,0,0,0,0,3.9,48.91,210.11,11.59,742.7,68.26,0,0,0.43,53.68,0,0,0,0,0,0,2.74,26.53,128.84,91.19,0,0,0.27,7.36,73.79,136,1.58,53.32,56.46,55.32,747.4,59.37,2002.22,64.55,0,0,0,0,1096.25,56.91,1.18,63.78,97.79,94.91,0.44,43.87,0,0,3612.07,93,0,0,0,0,0,0,41.08,66.53,0,0,5077.85,71.56,274.45,54.88,9363.91,65.98,0,0,61293.67,22.67,0,0,42.06,69.88,0,0,1227.84,117.71,0,0,523679.2,102.29,5.59,113.83,0,0,0,0,0.01,10.89,39659.45,8.24,0,0,5.57,59.11,0,0,0,0,0,0,0,0,3.03,81.93,0,0,8.95,69.33,0,0,1.26,7.95,0,0,0,0,3946.16,121.61,0,0,90.56,33.24,0,0,0,0,1.48,51.25,0.01,0,0,0,0,0,1397,46.26,0.1,43.91,6.82,87.49,,,0,0,265.99,70.71,0,0,0,0,3.11,20.73,0,0,242.9,71.24,33.32,33.16,0,0,778.65,80.97,0,0,293.63,27.84,1.62,28.64,1819.23,65.49,,,6.77,68.49,3.83,56.35,3380.43,16.79,0,0,1316.94,54.73,183.29,43.39,54.26,57.51,0,0,16.34,49.55,0,0,0,0,407.56,98.98,0,0,0,0,0,0,446.87,75.21,2.3,0.09,0,0,3.67,146.66,0,0,94.83,68.76,8.05,36.68,2.44,20.12,0,0,0,0,0,0,319.98,67.53,716.39,90.18,0.41,48.86,0.51,28.48,0.4,44.77,23.14,202.89,0.06,12.6,0.98,13.74,1356.3,70.2,221.18,54.29,977.42,141.48,0,0,0,0,0,0,685.23,15.19,,,0,0,,,17.87,52.77,14.52,70.06,0,0,0,0,0,0,0,0,0,0,0,0,397.8,47.5,0,0,0,0,0,0,6.73,23.06,0,0,0,0,0,0,0,0,0,0
1997,0,0,242.3,69.99,1942.11,69.86,0,0,1.6,87.02,103.72,29.57,374.04,46.5,148.47,25.93,119,63.19,0.39,12.47,1.32,27.44,0.42,15.38,0,0,2.09,39.47,0,0,278.41,123.21,0,0,0,0,4.25,34.16,0,0,0,0,0,0,0,0,0,0,0,0,0,0,0,0,45.02,89.51,3203.51,31.58,0,0,864.05,95.59,544.17,96.14,0,0,4593.96,12.92,1632.46,20.47,43042.92,29.41,112.7,121.4,0,0,0,0,896.65,29.29,7961.37,116.36,0,0,4.48,53.7,237.2,12.14,736.71,64.28,0,0,0.4,47.75,38.82,13.25,0,0,0,0,2.84,25.51,141.92,46.26,0,0,0.28,6.14,45.9,82.2,1.77,57.92,57.86,52.25,790,60.78,1888.53,57.04,0,0,0,0,1142.85,58.1,1.64,71.27,105.19,91.7,0.44,41.43,0,0,3874.31,93.5,384.21,156.2,220.6,130.21,23.17,42.91,55,72.9,0,0,5468.39,62.12,279.35,51.87,10663.67,67.82,0,0,62139.12,19.63,0,0,42.74,61.61,0,0,1236.2,113.43,0,0,570832.2,109.1,5.48,106.65,0,0,0,0,0.01,10.73,54334.56,10.25,0,0,5.45,59.2,0,0,0,0,0,0,0,0,3.14,75.1,0,0,9.15,65.63,0,0,1.3,7.91,0,0,0,0,3881.28,107.51,0,0,90.91,30.04,2.93,38.11,0,0,1.89,60.55,0.02,18.94,0,0,0,0,1621.47,42.61,0.1,47.28,7.94,89.05,,,0,0,274.29,73.54,0,0,0,0,3.28,19.6,0,0,239.34,65.58,32.02,30.82,38.42,92.62,920.3,91.09,0,0,287.29,25.17,1.65,28.21,2093.62,65.8,,,6.77,63.39,4.64,65.48,3898.58,17.96,0,0,1577.79,58.68,221.22,42.93,54.96,53.7,0,0,19.75,48.02,0,0,0,0,468.23,85.67,0,0,0,0,0,0,476.74,76.7,2323.5,85.2,0,0,4.05,143.01,0,0,102.37,68.29,8.05,32.98,2.86,20.7,0,0,0,0,0,0,333.63,66.21,764.07,82.98,0.63,66.52,0.59,31.67,0.4,42.78,27.06,146.24,0.09,17.97,1.08,13.34,1393.45,69.01,236.79,56.95,1100.63,147.62,2173.9,24.94,0,0,0,0,1901.36,40.46,,,0,0,,,18.57,52.23,16.04,69.89,0,0,1.13,50.65,0,0,4023.95,51.63,27.9,28.89,0,0,411.85,46.62,0,0,0,0,0,0,7.25,22.94,0,0,0,0,0,0,0,0,0,0
1998,0,0,277.5,67.81,2062.39,72.86,0,0,2.02,102.61,114.13,31.87,431.73,45.19,143.64,23.76,124.56,63.61,0.47,14.29,1.37,26.54,0.55,20.85,0,0,2.02,34.58,0,0,277.16,118.2,0,0,0,0,5.54,37.71,0,0,5.02,54.4,2.42,11.26,0,0,0,0,17.81,76.54,0,0,0,0,46.37,82.23,4358,37.18,4532.08,78.17,877.44,93.61,517.39,85.32,0,0,4572.51,12.18,3150.97,36.99,53993.98,31.96,111.81,117.32,0,0,0,0,1432.1,38.49,7730.1,103.89,35.39,25.42,4.98,55.16,298.52,13.93,714.91,60.28,0,0,0.5,56.27,42.22,12.7,0,0,0,0,2.81,23.36,153.91,59.23,0,0,0.28,5.45,49.02,91.44,1.31,39.78,56.41,46.86,826.7,60.84,2466.99,87.59,0,0,0,0,1185.45,58.74,1.83,65,111.92,89.35,0.49,40.27,0,0,4698.53,105.86,380.26,172.56,231.49,135.74,25.01,39.7,59.81,69.38,0,0,6257.78,60.04,262.08,43.61,12279.18,68.09,0,0,79462.21,22.48,0,0,42.56,52.98,0,0,1258.22,110.81,0,0,623290.4,121.63,6.15,109.71,0,0,517.14,54.43,0.01,9.73,76932.25,14.67,0,0,4.7,59.5,0,0,0,0,0.54,8.99,0,0,4.2,90.82,0,0,9.78,69.86,2.84,21.72,1.32,7.57,0,0,0,0,5164.19,126.94,0,0,103.77,34.11,3.2,39.26,0,0,2.2,66.09,0.03,26.05,0,0,0,0,2022.31,44.09,0.09,42.11,14.54,159.41,,,0,0,280.36,69.82,0,0,3144.76,169.58,4.06,22.82,0,0,243.14,62.45,32.48,30.7,45.47,92.69,952.73,81.65,0,0,266.84,22.94,2.07,40.12,2349.27,66.96,,,7.09,61.23,5.32,68.18,5589.63,22.72,0,0,1507.63,51.06,233.69,38.89,55.49,49.82,0,0,23.66,63.37,0,0,0,0,503.58,83.15,0.46,58.87,0,0,0,0,558.79,101.52,707.68,23.85,0,0,5.16,161.24,0,0,115.18,81.48,9.03,33.86,3.26,21.25,0,0,0,0,0,0,346.42,64.21,924.7,87.83,0.77,77.42,0.7,34.55,0.43,43.34,39.41,173.56,0.14,23.18,1.55,17.42,1415.4,66.73,253.5,59.35,1195.35,151.23,2217.84,23.64,0.99,96.57,0,0,2327.84,49.88,,,0,0,,,18.07,48.17,15.16,61.04,0,0,1.8,64.41,0,0,4603.18,50.62,49.38,46.54,0,0,408.22,43.98,0,0,0,0,416.06,29.38,9.38,28.05,17.3,34.59,0,0,0,0,0,0,0,0
1999,0,0,306.38,64.97,2664.14,82.02,0,0,2.16,104.6,123.37,36.3,386.99,39.19,143.92,22.58,135.12,66.43,0.96,25.41,1.43,25.22,0.73,25.72,0,0,2.09,34.3,0,0,279.35,114.38,0,0,891.96,53.86,6.94,40.64,0,0,5.92,56.04,2.43,9.19,0,0,0,0,19.7,79.44,0,0,0,0,47.23,69.97,4646.44,34.74,4866.9,78.87,896.71,89.27,537.51,84.16,619.84,57.97,5106.57,13.34,3371.62,37.28,72104.11,39.56,110.86,107.86,0,0,0,0,1587.55,34.29,8217.93,107.84,46.78,32.65,5.42,55.92,340.12,15.2,704.74,56.76,56.22,58.51,0.56,61.82,56,15.27,0,0,0,0,3.16,25.34,274.81,60.48,0,0,0.32,5.96,57.73,100.14,1.36,36.83,55.86,44.01,845.1,60.02,2234.49,73.09,0,0,0,0,1239.57,60.03,2.93,87.38,118.58,88.63,0.45,34.48,0,0,6140.73,127.88,391.85,153.73,237.95,121.07,27.59,39.84,71.76,77.96,0,0,6962.75,59.88,252.55,39.11,14169.85,70.04,0,0,93934.79,19.78,0,0,43.21,46.65,0,0,1285.09,109.66,297.09,82.76,684696.3,135.61,6.24,108.01,0,0,541.75,53.67,0.01,11.82,96614.46,16.75,0,0,4.66,50.82,0,0,0,0,0.74,11.83,0,0,4.76,94.89,0,0,9.52,57.02,3.57,28.07,1.34,6.7,0,0,66.96,29.83,5534.86,118.35,0,0,112.56,34.85,3.47,38.95,0,0,2.48,69.48,0.03,30.45,0,0,0,0,2565.97,46.32,0.08,35.86,18.57,150.74,,,0,0,279.9,68.57,76.02,115.94,3162.95,125.35,4.99,24.1,0,0,241.32,58.17,31.67,28.49,61.37,107.01,986.2,83.73,0,0,307.82,24.32,2.02,34.93,2911.15,75.61,,,7.05,58.08,5.5,62.26,8392.07,32.06,0,0,1738.34,53.58,263.39,39.57,58.66,49.03,0,0,33.56,74.4,0,0,4774,92.79,564.24,92.96,0.47,59.36,0,0,0,0,624.58,102.99,608.22,19.2,0,0,5.32,159.79,0,0,125.78,83.57,13.44,47.08,3.79,22.02,0,0,0,0,0,0,362.22,62.46,1051.33,91.91,0.94,89.19,0.72,34.2,0.61,58.11,44.29,164.27,0.35,34.59,1.82,18.01,1373.02,61.35,242.44,55.77,1209.78,147.7,2322.1,23.66,1.45,107.81,0,0,2607.06,56.59,,,0,0,,,23.39,56.12,17.68,64.96,0,0,2.11,52.61,0,0,5430.55,55.19,79.54,58.96,14.65,4.82,403.92,41.75,0,0,0,0,624.87,29.36,10.59,30.62,19.4,32.69,0,0,1142.86,96.05,0,0,0,0
2000,0,0,323.75,61.9,2590.11,62.81,95.83,104.54,2.35,110.84,129.75,38.08,405.95,39.36,134.02,19.57,140.42,65.86,1.08,22.84,1.51,24.48,0.88,25.75,0,0,2.49,39.87,0,0,280.87,108.77,0,0,989.77,54.11,8.68,45.61,34.74,66.89,4.09,34.69,2.43,8.04,786.14,65.56,0,0,20.63,73.89,0,0,855.74,136.43,58.29,82.64,4961.96,35.24,5694.49,86.12,889.69,80.71,583.24,92.84,737.38,66.08,5549.44,13.19,3697.35,36.95,92214.27,44.22,109.9,101.94,1777.82,134.98,3741.9,163.22,1797.62,35.66,7803.5,102.27,59.86,33.21,5.93,56.26,403.95,17.03,694.7,52.35,57.47,58.18,0.63,68.86,65.71,15.86,0,0,0,0,3.48,26.52,301.39,34.06,6.68,98.27,0.32,5.11,64.37,95.89,1.43,40,57.89,42.49,867.9,58.43,2785.53,72.5,9.46,121.74,4.09,67.66,1245.78,58.86,4.95,111.95,140.97,99.81,0.58,41.63,25.37,19.02,6455.03,123.36,603.25,228.89,246.54,120.19,42.86,55.25,72.18,67.67,0,0,7339.55,55.14,263.51,37.56,16036.43,73.65,1321664.26,87.44,94609.82,15.06,0,0,39.09,36.08,429.4,79.55,1302.59,105.11,362.65,91.81,733069,143.78,6.03,100.48,0,0,562.44,52.23,0.01,10.71,108705.57,17.11,0,0,4.1,35.43,79.92,122.27,0,0,0.83,12.11,37989.09,146.11,5.6,101.19,3.62,616.06,8.57,43.73,3.14,23.53,1.41,6.08,0,0,113.29,45.56,5618.36,107.05,0,0,125.85,32.88,3.68,39.02,1910.86,90.85,2.65,64.15,0.04,36.45,724.48,234.39,55.45,45.3,2705.31,41.85,0.06,27.11,13.63,83.41,,,0,0,289.82,70.19,86.53,118.18,4308.41,146.51,5.58,20.56,236.01,57.93,230.08,51.35,31.62,26.72,66.15,102.07,1053.62,88.82,0,0,423.7,28.1,1.9,26.1,3086.52,74.85,,,6.94,56.43,6.15,63.12,9903.44,34.66,78.98,44.39,2104.53,58.77,272.32,36.58,61.57,47.93,0,0,33.97,52.54,23.91,29.41,4373.08,56.12,693.09,102.51,0.47,55.69,0,0,0,0,616.17,86.7,2456.2,73.72,928.49,224.75,6.06,172.56,0,0,134.37,79.87,15.68,49.62,5.48,29.01,0,0,399.45,42.21,0,0,374.56,57.96,1218.7,93.7,1.1,96.8,0.82,39.09,0.63,58.94,48.42,153.64,0.64,38.27,2.33,18.89,1220.98,51.29,250.48,54.56,1440.53,152.09,2708.5,26.17,2.01,111.43,0,0,2804.28,57.83,,,0,0,,,27.02,54.86,19.41,65.94,85.51,51.31,2.27,43.51,0,0,6191.76,54.95,77.02,43.79,11.8,3.09,399.71,38.9,0,0,0,0,1371.43,42.13,13.52,36.11,22.5,28.24,138816.71,31.43,948.12,60.84,3.24,28.89,0,0
2001,0,0,341.52,58.54,2314.17,54.75,201.16,102.05,2.55,122.03,144.22,44.76,444.76,37.82,124.96,17.18,146.33,66.48,1.3,24.39,1.52,23.59,0.9,26.08,0,0,2.89,46.19,0,0,285.88,107.56,1.46,82.38,1019.99,51.92,11.45,54.24,32.25,59.96,4.45,35.23,2.92,8.93,921.74,70.05,0,0,20.78,67.29,0,0,927.33,127.39,60.61,79.91,5451.12,34.87,4988.41,70.64,932.37,81.75,679.77,103.34,797.86,56.27,6515.33,14.4,4115.71,37.19,92214.27,40.83,108.56,89.71,4052.7,181.62,4010.25,195.78,2082.92,37.64,8071.6,98.38,67.22,34.6,6.57,57.88,583.83,22.78,665.3,48.51,59.64,58.11,0.9,98.51,69.15,15.58,15.24,62.3,0,0,4.48,32.43,312.34,24.54,9.11,107,0.33,4.78,67.09,97.86,1.68,44.45,59.14,40.95,895,57.94,2979.26,80.98,11.83,125.03,4.33,64.93,1256.95,57.66,5.41,87.22,151.87,99.79,0.63,44.61,29.67,20.19,6714.09,121.65,617.78,214.84,273.55,129.66,42.43,49.51,77.28,65.26,42.92,3.28,7953.81,51.74,338.89,42.81,18547.21,78.73,1319703.22,73.7,104769.55,14.19,0,0,40.52,33.25,460.1,83.67,1360.33,104.73,467.97,108.01,776689.1,153.64,6.14,96.48,0,0,642.03,56.22,0.02,15.4,121815.72,17.7,0,0,3.9,36.43,79.29,107.32,15799.88,109.95,1.04,13.93,42680.58,160.91,7.93,126.09,3.76,612.23,8.9,43.13,3.25,22.92,1.55,6.58,0,0,114.12,45.21,5855.32,98.1,0,0,145.79,38.51,4.11,41.85,1975.78,77.78,3,70.38,0.05,42.85,767.41,231.72,60.21,44.8,2783.36,41.11,0.06,23.82,14.22,74.62,,,0,0,291.71,65.4,116.71,123.4,8827.76,215.95,7.06,23.11,255.67,57.91,232.07,48.68,31.65,25.07,67.1,93.77,1451.29,109.17,0,0,417.76,26.7,1.82,25.14,3588.58,79.09,,,7.61,60.9,7.39,71.06,13447.07,42.74,78.47,43.35,2287.81,58.83,291.18,37.35,68.67,50.56,0,0,37.72,59.09,32.18,27.19,4258.3,44.64,731.83,98.65,0.5,53.78,0,0,3657.25,572.64,643.2,93.15,2536.1,70.93,872.6,106.31,7.34,201.27,3913.62,180.66,149,93.69,16.57,48.28,6.04,28.54,0,0,443.58,42.4,0,0,378.88,54.16,1452.71,99.8,1.3,104.76,0.92,45.7,0.66,56.52,51.58,151.26,0.95,39.83,2.78,20.32,1285.42,51.87,251.91,53.54,1459.57,144.49,3048.27,30.01,2.6,103.57,5610.75,50.24,2934.43,57.52,,,1318.83,135.04,,,30.58,56.52,21.46,67.59,187.22,77.94,1.94,26.9,0,0,7063.74,58.13,74.63,35.34,10.21,2.69,384.41,36.03,5631.9,53.02,152.79,54.89,2924.44,59.38,13.88,37.04,28.22,31.73,155345.74,32.28,1006.71,60.57,3.24,21.89,0,0
2002,502.27,280.98,391.31,62.84,2326.1,51.43,385.97,70.95,2.78,128.17,513.99,137.72,519.17,38.11,117.44,15.06,150.02,66.29,1.4,23.02,1.67,24.81,1.02,28.38,0,0,3.03,47.33,0,0,287.96,104.69,1.66,87.64,895.25,42.05,14.52,59.78,39.19,69.14,4.35,31.2,2.92,8.31,1173.13,78.8,0,0,18.19,53.54,1087.74,48.67,1222.03,159.09,65.71,82.55,6669.98,39.75,4875.54,64.3,950.23,79.89,674.81,100.53,788.72,50.31,7286.3,15.09,4547.21,37.4,115886.18,47.24,107.22,81.67,4116.45,136.04,3794.91,180.29,2471.93,39.76,7491.94,87.06,76.85,36.32,7.25,61.37,693.38,25.92,692.18,49.08,67.53,63.73,0.89,97.88,81.83,16.54,14.99,52.52,341.74,85.78,5.36,37.46,279.4,18.67,11.12,109.19,0.44,5.7,76.39,113.89,1.89,47,59.57,40.17,954,59.84,3000.62,81.07,16.58,156.01,4.85,65.09,1309.14,59.26,6.51,81.86,159.21,97.4,1.15,79.09,29.82,18.35,6565.42,112.63,639.28,220.56,295.73,133.75,51.04,54.28,85.4,66.12,45.53,3.52,9574.5,54.99,332.95,39.65,21013.46,82.85,1235243.74,62.34,222969.13,21.78,0,0,41.54,30.56,517.4,90.18,1371.67,101.92,575.2,118.4,818560.7,163.99,6.78,99.72,664.32,17.59,719.02,61.84,0.02,11.78,133730,17.55,0,0,3.75,32.33,80.54,106.87,18779.08,110.63,1.1,13.15,46320.63,160.95,6.56,93.36,3.9,610.18,9.12,35.07,3.37,22.16,1.62,6.53,0,0,104.63,40.46,6311.56,105.05,383.12,152.51,164.99,40.09,4.69,44.28,1072.26,39.55,2.93,64.84,0.06,46.77,735.62,204.4,76.2,52.53,3112.39,43.47,0.06,24.17,15.6,69.16,,,1.03,75.73,299.09,64.25,89.26,75.79,10489.33,161.87,7.82,22.07,271.55,59.1,238.21,48.17,31.4,23.5,88.09,118.33,1572.66,109.25,0,0,522.55,33.49,1.4,18.7,3535.36,73.67,,,7.8,60.01,8.35,70.36,21472.08,59.39,86.26,45.05,2655.7,63.26,338.67,41.78,75.46,52.9,0,0,33.55,47.59,41.7,27.32,4360.63,37.79,860.45,107.9,0.51,50.29,0,0,3917.71,530.33,685.08,96.35,2527.08,67.98,790.05,76.12,7.72,202.05,4178.95,158.82,156.75,94.32,15.99,42.88,6.71,28.4,0,0,432.71,35.55,0,0,384.15,51.27,1670.34,102.1,1.55,119.78,1.19,57.6,0.7,56.46,57.78,148.24,1.23,38.12,2.8,18.22,1283.48,49.94,283.43,60.35,1480.68,132.43,3165.63,29.64,2.99,89.51,6008.42,47.04,2943.01,55.05,,,1151.46,112.03,,,33.07,59.08,22.17,67.37,259.35,74,1.73,19.08,0,0,8285.88,61.93,75.73,32.34,14.5,3.6,401.46,35.81,6079.22,55.38,316.94,109.58,4067.68,54.6,14.19,38.81,59.74,55.39,188511.87,35.19,1086,57.83,4.01,21.74,0,0
2003,601.67,273.47,408.3,58.83,2224.65,42.36,727.17,68.69,2.89,127.52,523.79,116.39,534.18,32.88,109.47,13.22,151.29,65.49,1.56,21.83,1.85,26.6,1.35,32.45,1545.67,44.32,3.15,47.17,0,0,285.71,101.09,2.02,100.35,725.28,31.95,20.55,74.62,45.85,74.07,4.06,27.64,4.49,11.69,1268.24,73.82,0,0,16.64,45.58,1090.27,44.62,1460.68,171.97,70.86,81.36,7988.55,43.1,4771.4,60.27,952.5,76.18,662.25,102.66,737.93,41.01,6650.79,12.64,5076.74,36.93,121870.52,44.75,105.83,74.82,4147.32,114.46,4152.43,204.37,2793.18,38.99,6933.19,77.93,87.15,37.5,8.09,63.42,788.46,28.15,663.06,46.15,73.97,66.32,0.91,94.92,224.37,34.11,14.55,44.87,426.24,97.1,5.89,39.14,144.92,8.45,14.3,118.41,0.49,5.62,83.41,112.72,2.13,48.59,64.78,42.74,1047.1,63.95,2652.47,70.24,22.05,152.39,5.41,63.2,1397.94,62.97,8.03,74.55,168.03,93.92,1.27,79.56,36.36,20.89,7705.62,112.64,588.64,212.6,280.19,121.25,74.21,61.97,99.59,69.73,20,1.58,10982.26,57.6,333.21,38.45,23937.68,84.24,1218649.9,55.64,246594.67,19.6,0,0,43.56,29.88,536.4,92.93,1397.45,100.49,700.49,123.1,845917,169.57,7.2,99.64,690.07,14.96,766.95,60.13,0.02,11.25,165825,20.45,0,0,3.51,24.62,89.66,106.9,21331.29,104.64,1.33,13.93,50321.89,169.03,4.69,62.65,4.04,789.83,9.13,27.14,3.49,21,1.65,6.38,0,0,97.97,36.46,6758.87,99.71,457.14,157.43,188.79,41.98,5.06,37.92,1113.4,40.73,3.27,68.72,0.06,49.05,731.59,177.94,95.92,59.1,3443.57,44.75,0.06,24.74,16.01,57.95,,,0.61,40.26,307.11,61.61,98.89,74.93,11030.88,124.09,9.64,25.84,297.43,60.43,249.82,49.31,31.13,21.98,94.4,117.42,1341.01,87.4,0,0,691.08,42.67,1.38,17.17,3583.14,68.19,,,8.15,59.48,7.98,60.26,19088.47,45.1,100.54,48.95,3094.33,68.04,394.1,46.59,79.91,54.68,0,0,33.48,39.09,47.75,24.02,4009.89,28.46,998.74,100.62,0.46,42.81,0,0,2907.89,317.11,660.08,81.56,2180.6,54.7,875.57,71.76,6.7,175.72,5218.14,160.35,169.33,97.64,17.22,41.59,6.94,27.04,1.67,70.68,469.69,35.43,0,0,382.78,47.64,1863.85,102.27,1.78,142.64,1.22,54.18,0.7,53.91,65.21,141.59,1.41,33.51,3.15,18.55,1315.56,49.14,282.06,59.45,1432.62,133.37,3512.07,32.03,3.1,65.07,6524.41,44.32,2930.04,47.5,,,1087.56,111.8,,,35.89,53.21,23.48,66.37,307.88,67.7,1.59,13.35,0,0,9446.9,62.42,78.49,28.3,20.11,4.4,444.25,37.33,6735.56,58.52,379.03,111.55,4096.06,41.64,14.7,38.26,82.47,61.44,232387.38,37.88,1227.72,56.82,5.55,23.92,0,0
2004,599.37,243.44,423.96,56.45,2166.59,35.23,852.47,51.95,2.98,122.99,568.15,106.03,504.31,26.43,106.49,11.94,156.5,64.8,1.72,20.17,1.94,27.6,1.45,29.4,1679.8,43.48,3.44,47.65,4767.45,9.54,288.26,96.5,2.1,97.72,702.15,29.4,23.91,78.62,62.36,89.57,4.08,25.49,3.94,8.91,1371.93,70.08,0,0,15.56,37.86,1171.24,45.84,1740.32,172.74,76.05,83.75,9154.9,42.7,5135.48,61.62,960.25,72.14,690.06,103.93,797.69,30.22,6228.85,10.29,5659.49,35.02,126841.32,41.21,104.53,72.8,5831.58,141.76,4879.17,198.68,3341.69,40,6856.42,78.4,99.86,39.81,8.96,65.11,870.03,28.45,664.99,44.18,77.37,65.35,0.85,86.16,218.64,22.5,14.55,39.76,492.48,96.51,6.23,39.41,140.91,5.09,13.27,86.8,0.49,5.06,90.13,103.1,2.28,48.24,67.59,42.65,1120.8,65.52,2470.86,60.3,23.49,135.12,4.96,50.5,1469.12,64.7,7.52,57.82,183.16,94.55,1.53,94.69,40.8,21.43,9769.28,119.76,618.85,220.56,294.4,118.64,70.05,49.9,101.23,62.68,20,1.5,12296.42,58.52,317.86,33.04,27003.92,83.29,1281670.37,51.33,264115.6,16.69,182419.28,342.67,44.06,28.21,554,91.28,1449.65,100.09,767.22,119.94,910014.6,180.66,7.43,91.82,668.7,11.39,769.38,53.8,0.02,11.98,203687,23.25,0,0,3.26,18.62,87.66,92.91,22641.67,93.62,1.53,13.82,54082,171.18,4.54,55.72,4.19,715.18,1.57,3.66,3.52,19.26,1.79,6.47,0,0,97.1,34.58,7751.64,95.05,475.22,137.5,216.64,42.56,5.45,35.38,1134.41,39.44,3.45,71.14,0.06,48.7,830.17,170.87,93.52,51.7,3550.72,40.85,0.06,25.44,13.98,43.65,,,0.7,41.6,311.48,58.91,90.99,59.71,12453.87,119.08,11.97,28.05,314.23,58.54,259.95,49.61,30.64,20.03,83.18,90.09,1174.12,76.72,0,0,774.67,43.47,1.47,15.95,3742.19,61.56,,,9.29,61.9,7.59,56.42,16541.63,34.46,105.48,46.33,3369.45,65.8,419.76,45.27,85.79,56.31,0,0,33.54,29.04,52.19,20.98,3799.83,20.92,1095.36,90.81,0.48,39.9,0.23,15.5,3594.17,336.55,610.58,62.93,2019.2,47.59,902.49,62.18,7.54,163.23,5932.69,151.6,186.6,94.69,18.74,40.64,7.43,26.83,1.58,58.17,507.85,34.39,0,0,389.89,45.26,2139.53,102.33,2.1,154.89,1.43,58.4,0.87,62.02,65.37,118.13,1.61,31.57,2.78,14.81,1337.55,47.68,296.92,60.77,1432.19,113.05,3878.45,33.29,2.73,44.37,7553.93,44.6,3126.55,46.27,,,1043.35,101.96,,,36.38,45.18,20.86,53.72,333.25,59.61,1.33,9.01,0,0,9529.02,55.43,85.4,23.89,30.62,5.64,504.48,40.19,8038.97,65.49,367.5,93.55,4306.2,35.12,12.41,30.41,96.76,45.5,291833.3,37.45,1334.76,52.07,5.73,19.26,0,0
2005,622.15,204.03,468.05,57.44,1992.25,26.35,879.42,35.74,2.56,94.99,389.94,60.25,459.05,20.47,104.69,10.89,172.84,68.32,1.67,13.33,2.17,29.3,1.45,24.2,1819.14,42.3,3.68,46.07,5459.83,8.39,294.68,94.61,2.19,95.89,934.21,36.87,28.73,84.54,61.91,80.38,4.39,25.52,3.89,7.37,1488.7,68.59,0,0,13.39,28.52,1270.82,44.09,1655.05,136.98,82.51,85.34,9638.99,37.43,4510.04,51.55,1004.22,70.87,767.29,108.77,898.93,25.64,4819.88,7,6337.58,33.75,130223.65,38.28,103.39,67.53,5753.55,101.47,3476.27,108.27,3574.22,36.52,7245.36,80.4,109.94,40.69,9.49,64.43,912.76,28.02,593.35,37.4,76.02,60.36,0.84,82.01,231.64,21.29,14.54,35.02,556.38,98.26,6.59,38.55,121.79,2.81,26.83,158.91,0.51,4.55,83.99,78.24,2.42,47.65,65.65,39.94,1187.3,67,2461.02,49.33,24.26,136,4.65,40,1540.31,66.95,7.6,47.99,195.42,98.08,1.64,87.31,43.12,20.76,16080.22,150.23,686.94,221.94,304.41,116.08,79.24,47.16,105.15,57.23,20,1.39,13584.74,60.49,259.18,24.57,29877.02,80.89,1285763.62,42.61,267196.09,13.56,166484.85,226.41,44.38,26.11,563.6,87.92,1518.63,101.94,855.58,119.26,939458.4,186.44,7.53,84.31,614.8,8.1,767.08,48.34,0.02,10.53,247972,26.96,0,0,3.34,14.14,86.71,85.94,23790.16,84.97,1.52,11.17,57984.5,180.7,5.39,60.26,4.34,642.88,1.57,2.54,3.85,18.31,1.89,6.34,0,0,113.34,36.75,8727.84,86.47,158.91,39.16,232.18,41.36,6.43,44.88,1610.68,48.9,3.61,70.11,0.06,46.19,898.15,154.84,102.45,53.53,3683.9,39.02,0.06,24.76,13.53,35.93,,,0.66,36.32,340.68,61.64,122.88,70.16,15622.44,110.37,12.54,27.16,303.43,51.48,267.04,48.94,29.74,18.5,75.52,71.4,1178.49,66.32,0,0,835.52,42.01,1.15,9.87,4127.63,58.92,,,10.23,62.48,7.25,48.05,15114.93,28.01,98.74,39.96,3359.46,59.17,459.57,46.66,96.47,60.81,0,0,31.08,19.17,50.97,17.55,3438.5,14.92,1017.52,70.67,0.45,34.1,0.21,13.55,3907.69,284.25,459.6,37.34,2097.2,45.66,947.65,54.11,7.28,144.06,6243.54,130.9,200.01,92.07,17.05,33.93,7.69,26.3,1.72,53.26,544.43,33.21,0,0,393.48,42.28,2222.35,90.61,2.32,157.94,1.59,60.18,0.97,65.45,61.35,94.95,1.76,28.84,2.73,13.23,1394.66,47.97,295.58,58.26,763.92,50.71,4100.94,33.91,3.01,41.8,8936.19,46.76,3277.5,43.97,,,1023.63,91.75,,,35.52,36.84,21.98,52.48,342.06,52.71,0.96,5.38,0.01,39.41,9443.26,48.18,78.15,17.09,43.99,6.63,551.97,41.49,8496.7,64.89,356.67,83.92,4489.29,28.19,11.34,26.28,138.46,45.53,333989.95,36.54,1405.35,43.8,6.22,16.72,2.99,38.58
2006,79.61,23.02,494.74,56.08,2017.86,23.74,627.93,18.7,2.79,90.87,419.68,51.9,429.85,16.18,103.34,9.97,178.66,67.04,1.92,10.24,2.32,29.55,1.41,20.25,2041.47,42.33,4.23,48.43,8793.7,11.09,297.05,90.94,2.24,90.63,307.44,11.43,31.66,82.47,50.67,55.23,4.13,21.25,3.81,6.23,1586.51,65.85,0.12,0.59,12.12,22.66,687.15,22.6,1706.21,130.26,84.51,77.73,9806.02,32.85,1489.12,15.86,1046.42,70.13,522.81,68.46,1018.47,26.24,4097.15,4.99,7014.65,31.97,137259.82,35.75,103.8,65.65,6982.78,104.3,3994.72,98.82,3836.67,32.47,7394.26,79.44,112.7,38.28,9.45,59.48,978.87,27.91,530.74,31.54,79.77,58.39,0.85,77.36,246.67,19.42,13.49,28.83,558.08,85.92,7.25,39.1,63.15,1.32,28.74,154.32,0.6,4.4,92.8,69.95,3.11,57.91,65.7,38.06,1190.6,64.24,2102.43,39.6,25.84,140.55,4.41,32,1588.55,66.38,4.9,26.22,224.2,102.91,1.75,92.92,49.76,21.65,20689.79,137.07,631.44,204.04,274.91,94.16,77.11,39.11,83.22,40.34,17.45,1.14,15611.53,64.67,350.42,29.3,33115.75,77.11,1301930.66,35.85,295591.64,12.46,150942.35,157.91,43.69,23.63,549.2,79.77,1588.07,102.56,949.6,117.12,942424,186,8.15,76.33,680.98,6.67,818.83,43.98,0.02,11.52,282783,29.27,0.9,28.67,3.12,10.57,82.5,72.5,24601.82,71.89,1.57,9.18,60850.92,185.19,6.3,62.59,4.49,593.52,1.57,2.18,4.33,17.97,2.34,7,0,0,102.41,30.58,4415.5,37.37,228.9,46.87,247.93,40.23,7.42,39.29,621.68,17.23,3.48,64.62,0.06,44.08,637.34,78.04,108.89,51.02,3978.4,37.75,0.06,25.07,13.83,30.9,,,0.69,31.91,342.82,56.78,96.69,46.61,17564.84,90.47,13.36,24.73,319.84,48.9,257.6,44.48,27.67,16.37,65.17,54.65,517.57,27.14,0,0,1159.31,52.33,1.24,8.91,4469.2,54.4,,,10.46,57.65,6.7,39.64,12874.63,21.46,100.04,34.77,3234.79,51.58,501.85,47.11,102.44,61.62,29.19,33.45,29.76,13.43,43.5,12.54,2827.5,9.85,456.07,26.58,0.48,33.51,0.22,13.28,4475.2,256.76,364.6,25.83,1068.66,21.84,828.18,40.3,7.43,132.51,5764.28,103.23,206.44,85.12,17.26,30.77,8.2,26,1.73,48.36,576.75,31.36,0,0,392.17,38.91,2582.65,87.89,2.47,143.78,1.67,56.1,1.06,64.13,58.32,74.98,1.73,23.97,3.25,14.52,1331.99,42.98,278.28,51.67,776.49,44.98,4186.6,33.12,3.27,35.29,7651.51,32.84,3233.12,39.18,,,1122.71,96.79,,,36.53,32.58,22.33,48.79,352.84,46.52,0.74,3.33,0.01,39.79,7157.49,31.71,80.55,14.26,55.81,6.84,597.06,42.45,8817.88,63.64,356.79,75.7,4430.1,21.34,10.77,22.16,135.82,34.48,407714.01,38.41,1535.69,40.84,11.49,25,3.21,44.72
2007,86.53,20.24,517.04,53.43,1276.06,13.64,744.93,16.07,2.76,79.2,456.04,44.39,448.76,14.25,109.5,9.68,182.98,64.81,2.44,8.61,2.44,29.98,1.34,16.35,2304.4,41.91,4.69,51.42,17826.58,18.35,299.64,86.93,2.25,85.98,558.58,19.53,34.24,75.97,41.73,40.51,4.1,18.71,5.69,8.25,1733.98,63.74,0.14,0.68,11.17,17.46,822.04,25.33,1901.73,129.61,79.26,64.98,10695.37,30.52,1170.81,11.96,1051.81,66.84,529.31,65.06,917.07,22.15,3517.36,3.89,9288.94,34.47,139963.99,32.47,103.27,61.79,7347.08,86.89,3941.09,97.96,3746.61,26.86,7214.74,74,119.45,37.06,9.31,53.57,1065.51,27.81,475.5,27.34,85.4,56.69,0.85,71.77,254.94,17.52,13.87,27.2,597.28,76.27,7.65,38.03,46.03,0.89,31.74,156.66,0.6,3.66,109.29,63.06,2.74,49.88,63.43,33.99,1248.9,64.19,2366.31,39.69,12.1,60.91,4.33,25.5,1598.06,63.59,7.19,31.04,239.3,102.84,1.82,89.06,55.86,21.34,16032.38,92.38,591.1,177.3,210.89,59.89,75.97,34.51,57.74,24.72,17.45,1.04,16757.36,65.62,372.84,27.34,36917.69,74.03,1389400,32.33,376881.65,12.03,134588.71,120.76,47.15,23.93,536.4,72.72,1605.94,99.78,1047.25,114.48,938808,183.01,8.95,73.77,754.75,5.87,825.52,38.37,0.02,9.97,298902,28.65,0.86,24.81,3.86,11.83,80.61,56.81,25272.08,64.23,1.63,7.24,63364.15,171.02,6.87,58.16,4.55,482.76,3.49,4.1,4.84,16.65,2.57,7,0,0,87.72,23.53,4506.33,32.75,275.82,47.38,274.22,39.91,8.57,38.34,685.08,17.55,3.59,62.39,0.06,41.45,747.84,86.16,115.37,47.28,4280.09,37.53,0.07,25.73,13.15,24.61,,,0.74,27.5,336.64,51.99,87.11,35.99,16781.47,62.42,12.35,20.06,314.52,43.21,259.88,42.38,26.59,14.51,43.46,31.59,516.27,25.15,0,0,1156.16,49.2,1.11,7.11,4858.86,52.59,,,10.47,49.96,6.33,33.67,12595.17,18.14,101.89,31.87,3076.89,44.64,524.36,44.18,120.09,68.44,33.03,36.9,25.9,8.93,52.92,12.65,2861.5,8.07,551.28,26.71,0.48,31.67,0.21,11.44,2032.2,101.36,266.8,17.12,1270.15,23.49,787.44,33.44,9.06,130.75,2717.15,42.17,234.09,84.72,18.8,29.9,7.98,22.7,1.73,43.91,570.85,27.06,0,0,383.8,35.51,3041.79,85,2.49,135,1.76,55.4,0.98,55.52,65.43,70.71,1.4,17.38,3.94,15.96,1256.47,38.11,284.11,49.53,862.33,42.67,4297.68,32.06,4.42,34.6,5781.92,21.6,3183.42,35.99,,,1303.56,107.78,,,34.37,26.09,22.91,45.94,336.49,39.91,0.65,2.42,0.01,34.46,5123.54,19.56,88.75,11.82,74.38,7.85,646.19,43.54,9267.49,64.01,373.56,67.99,4449.39,15.79,10.31,19.11,143.93,29.1,509893.13,40.9,1741.03,40.41,12.34,21.93,3.48,50.06
2008,95.06,18.37,595.88,55.14,926.25,8.39,1051.42,16.65,2.81,77.27,504.15,39.27,522.07,14.63,145.04,11.74,200.02,68.52,2.77,7.3,2.68,32.35,1.22,12.56,2550.77,40.57,4.95,53.88,27957.87,21.54,327.26,92.43,2.17,79.75,799.15,25.02,30.52,58.58,44.84,37.16,7.72,30.89,5.69,7.65,1923.97,61.87,0.21,0.94,10.71,14.65,943.11,25.16,1959.21,102.52,77.35,57.42,11650.41,27.76,1014.62,9.72,1121.25,67.83,450.53,50.67,925,19.95,4614.5,4.92,10038.33,31.65,154319.71,32.14,102.36,57.49,9721.85,90.51,3614.5,68.06,3891.32,24.16,7683.45,70.83,135.14,38.87,8.39,44.57,1150.73,28.66,600.13,33.39,103.67,59.31,0.82,64.36,324.82,19.6,13.73,22.24,628.62,66.76,8.41,39.25,41.96,0.59,37.12,174.92,0.74,4.49,98.86,39.52,2.89,51.42,63.25,32.65,1354.2,67.85,1175.78,16.93,13.7,63.92,5.95,31.2,1666.17,65.04,10.14,33.59,263.28,108.8,1.87,83.91,59.55,20.13,18735.19,90.16,632.3,163.4,241.35,61.65,95.24,38.01,60.29,22.97,14.75,0.88,19372.11,71.65,1041.61,67.56,41964.29,74.54,1638100,30.25,347612.21,9.28,118477.23,75.45,79.61,42.45,556.8,71.59,1671.17,102.39,1285.64,127.02,961380.3,191.81,9.39,60.24,1086.12,6.77,1029.7,41.47,0.02,12.64,311046,28.16,0.82,21.2,3.79,9.57,91.1,48.46,27020.8,60.34,3.94,16.19,70888,163.09,6.98,50.83,3.36,309.66,1.08,1.01,5.03,15.39,5.42,14.4,0,0,85.44,20.59,5063.83,31.49,274.79,40.17,317.44,39.92,11.33,41.94,950.04,21.76,3.85,62.75,0.06,41.56,861.83,89.75,120.78,44.03,5249.29,42.83,0.07,28.27,12.12,19.26,,,0.9,29,325.81,45.44,101.35,36.28,16786.16,53.05,13.02,18.58,341.98,41.93,348.13,54.47,32.04,16.89,43.56,26.48,509.51,21.06,0,0,1231.42,47.26,1.1,4.84,6161.88,57.93,,,10.44,42.56,6.86,31.74,14651.46,18.15,99.47,27.96,3410.11,44.17,595.38,46.61,128.19,71.67,38.17,40.76,46.56,11.1,70.2,13.39,3293.2,7.48,548.1,20.9,0.49,28.91,0.25,13.53,1617.72,56.86,235,12.06,1433.73,23.94,888.71,32.38,11.89,130.01,3165.58,42.37,255.47,95.34,19.28,28.21,8.18,21.55,1.67,35.49,627.94,26.51,0,0,439.77,39.4,3588.96,81.37,2.62,131.93,1.8,55.84,1.07,56.74,78.47,68.85,1.52,15.64,3.97,14.29,1242.7,36.68,294.8,49.4,913.6,37.32,4374.9,33.27,5.28,29.96,7049.41,21.52,3408.23,34.95,,,1251.86,88.48,,,35.66,21.52,23.93,43.29,380.06,39.98,1.39,2.81,0.03,76.94,6037.77,19.3,194.81,19.66,145.18,12.53,786.3,51.74,10721.65,72.84,431,67.75,4806.25,12.73,12.7,20.61,156.51,23.1,637028.12,39.42,1957.94,36.42,12.88,19.2,4.1,68.86
2009,101.87,16.78,682.55,59.67,1013.15,10.16,1360.01,22.71,3.34,102.46,671.74,47.59,1072.43,34.14,210.93,16.75,228.17,79.73,4.2,11.79,3.09,38.4,1.84,21.36,2788.05,39.54,5.75,63.05,47682.36,34.69,346.91,99.46,2.27,83.66,858.65,25.62,41,70.69,48.68,39.99,8.69,35.07,13.78,17.56,2164.61,64.94,0.19,1.11,10.64,14.61,1126.04,28.49,561.12,25.69,88.56,65.18,12549.16,29.15,1114.2,10.09,1242.66,79.28,302.05,32.28,1383.7,31.67,5619.22,5.83,12791.05,36.92,177490.81,35.17,101.46,53.53,13781.3,93.19,2791.6,61.63,4587.32,26.55,7364.42,64.24,158.94,48.02,9.87,53.37,1335.68,34.06,691.99,40.37,107.4,59.54,0.83,62.51,393.1,22.73,11.08,17.72,761.07,69.45,9.96,48.21,306.53,6.35,41.28,144.6,1,7.04,121.61,36.02,3.13,55.8,75.48,41.7,1527.2,78.76,1324.95,23.09,15.02,62.58,7.37,41,1783.67,72.5,13.21,36.09,299.69,126.17,1.9,91.09,70.58,22.92,19769.98,89.33,620.67,159.17,267.75,64.81,74.41,27.78,75.83,27.51,11.25,0.67,20470.89,77.96,1317.11,82.87,46981.5,72.53,1592000,26.48,410275.36,10.43,114148.74,87.38,104.67,61.78,608.1,74.32,1769.79,112.52,1546.99,141.94,990554,210.25,10.96,64.78,1739.38,10.23,1176.83,41.1,0.02,9.53,361409,31.38,0.25,6.13,3.37,11.05,116.84,58.07,29848.34,63.2,6.11,32.49,77112,145.57,5.53,37.62,1.99,173.94,1.48,1.87,7.82,29.01,5.59,15.4,0,0,98.55,23.77,5633.01,33.68,345.53,42.61,376.39,51.12,15,54.53,1010.56,21.02,4.16,67.79,0.06,39.8,964.51,100.38,147.58,52.27,5312.14,43.92,0.09,31.02,17.6,29.13,,,1.14,38.25,345.25,46.13,125.43,41.77,19213.24,55.06,12.29,16.34,380.78,38.53,348.86,56.49,41.55,21.65,50.2,29.45,706.95,27.74,3809.16,9.57,1019.78,41.97,1.24,6.89,7804.99,59.13,,,10.98,41.29,7.02,31.43,14434.95,18.25,103.62,28.38,3559.04,44.34,678.33,49.81,146.69,83.61,44.83,46.51,128.06,35.97,119.2,23.35,4124,9.96,674.79,22.37,0.56,33.58,0.3,17.46,2204.57,68.03,225.1,13.99,2059.99,34.16,1035.45,35.95,13.99,121.29,3992.17,48.05,291.5,99.68,22.98,36.01,12.45,34.42,1.63,33.85,754.27,30.08,0,0,568.7,52.71,4161.42,86.06,2.76,144.25,1.93,59.35,1.16,63.57,88.2,72.11,1.66,15.55,3.2,10.32,1321.83,40.2,277.97,47.34,786.77,31.21,4743.82,36.6,7.47,36.22,9189.92,24.36,4001.94,42.38,,,1096.31,73.4,,,41.23,30.59,25.19,42.77,438.87,46.07,1.4,2.44,0.02,63.18,7240.79,19.19,323.14,34.12,224.26,24.08,975.55,65.66,12404.69,86.03,450.86,63.1,5385.55,10.98,13.36,20.52,196.16,27.74,817131.09,45.17,2540.76,49.84,15.87,20.52,5.57,68.29
2010,56.28,7.91,715.52,57.72,1304.07,10.88,3357.02,44.29,2.78,90.78,708.28,39.11,1167.51,33.74,278.19,20.48,242.44,82.29,4.73,11.15,3.4,43.24,2.87,29.71,2920.43,36.62,6.21,70.22,64970.88,39.5,363.7,99.62,2.37,83.21,990.78,28.7,38.44,57.49,53.11,38.52,10.84,42.75,18.63,19.37,2449.83,63.05,0.21,1.11,10.53,14.28,1303.9,29.32,1007.52,40.28,100.36,72.43,13816.48,29.37,1348.65,11.53,1347.94,81.1,317.82,32.31,1590.02,30.12,9535.01,8.6,14276.1,35.11,198565.8,36.44,101.58,50.32,5972.84,31.94,1361.08,22.89,5562.34,28.41,7770.54,63.05,186.93,56.98,10.77,56.33,1508.52,38.16,771.24,42.88,101.4,51.92,0.9,66.8,470.04,23.75,13.69,19.68,882.89,69.59,10.64,49.66,635.17,10.09,46.79,143.76,0.96,6.55,152.91,39.62,3.38,56.16,88.16,47.12,1627.9,81.46,1458.49,20.51,18.57,69.64,8.8,42.4,2090.04,81.01,21.3,46.26,329.52,145.78,2.02,96.94,80.3,24.11,27020.33,99.64,282.91,67.49,300.42,65.3,46.29,17.34,91.77,30.66,11.25,0.62,21798.75,80.58,1428.23,88.27,52509.83,67.46,1683400,24.53,583914.47,12.17,86793.23,53.56,144.23,86.8,618.2,70.56,1851.26,115.38,1663.97,142.04,1041719.1,215.82,12.59,67.11,2330.49,10.68,1407.27,44.4,0.01,8.62,390037.5,30.83,0.69,15.63,3.75,11.34,131.62,59.73,33182.01,62.1,7.23,40.34,79298,138.39,5.81,35.25,0.43,33.43,1.52,1.61,10.17,36.28,7.73,19.56,0,0,105.24,24.07,5801.19,31.8,507.94,52.87,426.65,51.94,17.97,60.43,1341.83,25.37,4.46,67.63,0.06,36.84,1040.3,86.93,155.68,52.04,5608.94,42.23,0.09,29.24,19.3,26.85,,,1.27,40.66,384.45,49,149,43.21,19732.79,49.61,13.1,15.86,405.97,34.04,372.63,59.01,54.14,26.87,57.63,30.87,687.97,24.29,5313.62,9.58,1097.31,42.37,1.28,5.85,9137.78,61.46,,,11.63,40.21,6.76,25.59,14816.32,15.61,106.62,25.4,3913.07,43.46,770.61,53.33,173.06,96.18,47.56,48.34,190.57,41.84,163.02,30.54,5254.2,10.64,749.33,22.56,0.73,45.16,0.28,17.54,2905.24,75.26,166.9,8.45,2273.24,35.52,1339.73,43.68,9.59,81.89,4804.66,46.85,321.18,97.04,27.5,40.82,13.74,37.89,1.57,28.93,952.88,34.68,0,0,649.26,60.07,4590.25,81.91,2.98,159.31,2.12,62.38,1.2,65.45,110.64,73.12,2.22,18.47,4.58,13.5,1323.08,37.59,279.31,46.13,838.21,30.02,5188.07,36.75,8.98,36.34,11985.92,27.34,4230.75,39.86,,,784.4,49.91,,,46.05,33.83,25.64,40.66,465.18,42.34,2.6,4.11,0.02,55.64,10095.92,22.94,438.49,40.63,233.59,22.24,1190.92,76.56,14175.85,94.73,480.1,59.41,6155.06,9.96,13.14,19.36,352.04,34.62,1037570.37,48.08,2876.22,42.38,18.37,18.89,5.97,63.19
2011,59.71,7.14,772.74,59.41,1378.44,9.49,3305.76,33.8,2.82,92.43,829.4,35.87,1348.39,35.69,352.52,24.2,253.29,82.07,5.17,10.11,3.56,45,3.55,32.5,3233.06,35.3,6.63,76.15,136544.35,45.95,387.62,102.25,2.4,79.39,1101.59,29.88,54.3,68.57,57.63,34.67,11.18,42.65,21.62,20.32,2678.5,61.24,0.5,2.13,11.63,14.52,1508.16,29.8,1102.62,39.11,116.59,78.81,15775.88,30.3,1661.63,13.25,1442.72,81.51,341.07,32.92,1692.9,29.51,13520.45,11.15,16973.96,35.3,221507.78,35.63,99.66,46.13,5932.07,26.25,2251.39,33.09,6381.77,29.83,8376.34,93.25,211.9,63.71,12.87,65.84,1604.01,39.88,850.86,46.41,99.49,45.18,0.93,69.72,571.24,25.75,15.4,19.43,1050.72,72.88,11.56,49.96,599.91,7.38,53.33,133.01,0.99,5.91,196.7,38.19,3.56,52.63,95.49,48.5,1749.4,84.95,1532.09,17.85,20.45,77.27,8.89,36.5,2118.54,78.37,25.49,42.61,355.17,171.56,2.12,100.69,87.8,23.67,26239.23,79.44,258.06,49.47,342.54,65.16,35.76,11.81,107.66,32.13,11.25,0.58,22720.75,80.76,1617.63,95.13,60142.83,68.84,1809600,23.11,558765.28,8.89,88632.97,40.78,190.12,109.3,644.2,68.78,1907.63,116.5,1769.01,140.5,1092314.7,231.63,14.48,70.73,2869.78,10.41,1603.99,43.05,0.01,8.22,419939,31.51,0.67,13.88,3.63,8.55,141.22,49.38,35294.28,56.9,7.61,37.59,80887,133.89,7,37.98,0.46,29.64,4.62,10.87,11.65,37.28,8.07,19.12,0,0,128.77,27.74,6530.33,32.6,911.58,79.27,479.9,52.64,21.58,60.34,1536.16,25.08,4.81,69.91,0.06,34.51,1141.03,78.56,168.87,52.28,6285.52,43.2,0.09,28.93,19.89,24.15,,,1.49,45.55,430.92,52.55,144.8,37.94,21320.49,46.04,21.92,24.33,432.77,31.66,396.42,61.66,66.61,31.54,64.04,29.27,841.04,27.81,6484.88,10.18,806.38,28.88,1.35,5.18,10881.71,59.54,,,12.81,37.28,7.01,22.96,13668.8,12.99,108.18,23.02,4020.39,41.41,851.69,54.37,196.23,111.39,50.17,50,219.85,35.57,191.42,33.87,6515,10.91,886.93,23.06,0.87,49.15,0.22,14.66,3206.3,71.74,135.5,5.4,2759.98,40.69,1588.23,46.61,9.75,77.29,5726.9,44.91,354.02,100.98,30.48,43.27,17.02,46.12,1.47,21.72,1155.86,38.21,0,0,743.53,69.46,5133.37,78.45,2.98,151.65,2.34,66.85,1.26,68.77,126.51,70.58,2.88,19.94,5.14,13.85,1350.76,36.94,284.74,46.03,0,0,5481.88,38.3,10.65,35.43,14690.38,27.84,4448.3,39.14,,,873.97,49.31,,,48.69,30.91,28.78,44.63,507.95,39.14,8.37,10.05,0.02,45.32,12590.59,23.65,479.38,36.88,224.66,17.61,1324.18,81.77,15361.74,98.99,538.17,58.1,7076.25,9.09,14.68,20.71,594.08,43.76,1298685.16,46.72,3199.41,45.73,23.72,20.8,5.67,51.76
2012,68.52,6.63,828.27,62.14,1538.38,9.49,3246.9,29.49,2.84,87.15,1040.23,37.61,1556.27,36.48,418.45,27.8,258.85,81.64,6.26,11.6,3.91,48.45,4.19,36.21,3568.91,33.82,7.31,84.21,207292.97,39.09,403.15,104.06,2.38,74.98,1111.5,26.82,66.93,72.22,62.39,33.34,11.59,44.25,21.76,18.93,2994.57,62.31,0.5,2.1,13.67,16.77,1616.01,28.35,1343.97,39.93,136.99,91.11,18167.02,32.05,2085.14,15.43,1546.47,84.84,381.87,34.48,1779.18,28.18,15517.62,12.03,19748.65,36.93,226389.62,34.07,97.07,42.54,5871.83,23.17,2382.79,34.14,8014.51,34.29,6194.52,44.78,228.79,69.24,15.43,79.26,1803.59,44.63,850.55,45.18,104.17,43.3,0.97,72.56,724.27,30.46,19,21.61,1243.07,75.04,13.15,55.2,833.63,9.07,60.67,127.61,1.71,9.52,244.86,32.76,3.68,51.68,105.67,52.89,1865.8,89.4,1726.88,19.7,22.46,76.96,9.13,34.9,2195.82,79.71,36.96,49.08,303.92,158.95,2.23,103.34,96.03,24.33,14029.03,35.44,265.02,52.14,364.02,62.48,53.62,16.35,127.13,35.18,11.25,0.55,22414.05,78.29,1645.94,92.61,67373.9,67.7,1978200,22.96,1200197.04,16.79,88314.9,34.74,210.24,120.24,679.3,67.86,1988.9,123.28,1942.44,145.33,1131358.4,238.02,17.78,80.95,3760.67,12.39,1776.67,41.69,0.01,7.52,442533,32.13,0.81,15.92,3.31,6.79,152.05,48.98,43747.13,62.19,8.04,36.87,86959,130.8,7.98,40.33,0.47,26.99,2.39,2.31,13.27,39.79,9.58,21.99,0,0,157.19,33.68,7334.28,33.68,1067.21,77.49,529.83,54.55,24.25,62.68,1585.12,24.95,4.87,67.51,0.06,30.15,1121.78,72.29,177.04,51.47,6746.29,43.17,0.09,27.71,21.65,24.54,,,1.7,53.42,494.31,58.3,172.97,39.94,20552.23,40.1,26.24,24.55,526.31,34.46,428.59,66.43,69.21,31.95,70.39,28.58,948.41,26.76,7551.91,10.4,890.22,30.02,1.43,4.93,12821.74,63.96,,,14.27,35.7,8.57,26.71,17603.08,16.18,107.7,21.19,4288.8,40.61,878.91,53.95,212.54,126.21,54.57,53.73,253.26,36.56,224.04,37.63,7871.3,11.75,893.42,20.14,0.96,52.06,0.22,15.37,3877.33,78.29,98.8,3.59,3109.8,42.82,2090.19,58.32,11.98,82.54,6071.56,36.89,385,105.5,37.61,51.94,19.2,53.36,1.33,17.6,1334.08,40.89,1.96,4.5,890.73,85.41,6000.11,79.17,2.72,137.4,2.62,73.74,1.35,72.02,210.95,94.24,3.51,21.39,5.92,14.36,1370.98,37.21,290.95,46.63,0,0,5769.03,39.28,11.7,32.37,17908.6,29.15,4937.24,41.95,,,980.29,49.04,,,64.13,38.95,31.42,44.66,512.29,36.16,18.11,18.07,0.02,43.05,14897.66,24.16,527.33,37.54,233.62,17.04,1420.73,85.32,16558.51,102.5,604.09,57.88,8273.93,8.55,15.75,21.75,724.4,44.29,1574889.31,48.53,3589.38,47.31,32.7,24.91,7.08,56.73
2013,75.41,6.75,949.93,70.34,1288.93,7.74,3963.4,32.87,3.06,95.5,1412.83,41.48,1729.26,37.96,479.27,30.82,260.93,80.81,7.94,13.75,4.69,56.27,5.38,43.47,4132.04,34.47,8.27,94.74,251229.43,38.7,412.56,105.06,2.47,75.22,1144.01,25.42,94.66,89.18,68.83,32.49,11.63,43.5,22.65,17.58,3209.25,60.36,0.5,2.21,14.12,17.22,1728.94,28.69,1461.24,36.97,153.69,100.47,20417.35,33.26,2725.3,18.66,1628.8,86.08,412.02,54.23,1927.9,30.14,17553.52,12.79,23266.45,39.45,268443.69,37.8,44.2,18.15,5745.52,19.12,2541.76,38.18,8931.94,36.04,6126.63,39.92,266.13,80.75,18.52,102.51,1842,45.18,849.74,44.64,109.69,42.41,1.04,74.74,885.38,34.6,24.55,25.91,1561.01,84.66,13.46,55.25,665.95,7.87,69.13,128.38,1.89,9.94,319.75,36.88,3.83,49.51,112.71,55.43,1953.4,92.29,2540.9,29.24,26.93,83.32,9.32,34.7,2181.92,77.35,52.54,56.24,319.18,176.94,2.43,106.8,104.16,24.62,17074.25,40.31,271.68,53.56,348.99,56.83,78.22,21.46,172.12,45.71,11.25,0.52,23076.25,76.76,1602.21,84.81,74665.2,66.24,2371900,24.85,1450718.36,15.4,86609.06,31.95,215.33,120,709.6,67.21,2068.72,128.93,2043.25,139.68,1171251.4,244.48,20.67,86.68,4536.78,12.86,1969.04,41.62,0.02,8.21,482545,33.76,0.86,16.22,3.21,6.44,163.8,46.1,48221.61,60.13,8.17,35.87,95692,133.36,9.53,43.37,0.54,27.48,2.74,3.27,13.55,38.76,10.86,23.33,0,0,170.68,34.01,7951.26,33.98,1641.99,95.62,569.46,55.89,27.51,64.06,1682.12,25.71,5.25,68.56,0.06,32.06,1284.87,77.61,197.31,53.86,7471.03,46.36,0.09,26.98,23.92,23.79,,,1.86,55.18,554.26,61.49,245.67,50.95,19020.15,32.79,29.79,24.19,541.54,31.95,442.2,67.94,69.82,30.8,79.85,29.77,1031.31,27.22,8488.55,10.48,930.7,30.31,1.52,5.15,14503.75,64.81,,,15.68,34.96,11.77,34.01,21305.34,17.02,111.02,20.33,4529.8,39.25,926.61,55.94,219.65,129,53.59,52.27,239.56,32.6,247.5,38.83,9285.8,13.07,1287.32,26.47,0.99,53.54,0.29,20.83,3986.09,71.32,60.14,2.15,3444.21,46.94,2380.8,61.42,10.91,68.8,6511.37,30.78,390.41,102.49,40.28,54.56,25.31,70.48,1.26,15.54,1561.12,44.17,5.27,12.68,966.04,93.68,6793.25,78.32,2.13,100.41,2.87,78.58,1.45,74.69,280,88.39,5.32,31.43,6.65,14.78,1500.66,39.81,294.4,46.35,0,0,5956.65,39.11,11.83,29.18,21925.24,30.9,5430.56,42.25,,,1100.95,51.23,,,66.87,39.55,34.98,46.55,566.39,36.14,24.63,20.79,0.02,41.1,18338.79,27.7,595.64,40.65,225.72,15.87,1495.94,86.22,17462.6,104.8,709.1,60.19,9910.49,8.28,15.59,20.57,1148.31,52.38,1878808.3,52.42,4186.07,48.2,40.15,26.53,7.39,54.79
2014,74.52,6.35,1004.13,71.7,1368.78,7.96,5067.35,40.66,3.31,98.24,1995.87,45.1,2001.33,41.32,546.13,34.14,277.38,84.24,9.46,16.04,5.16,60.89,5.57,43.79,4550.96,33.87,8.59,98.37,314761.86,40.43,427.31,106.66,2.58,75.33,1461.56,30.87,131.04,107.4,75.28,33.02,12.02,44.03,25.31,17.93,3600.87,63.31,0.5,2.31,22.1,26.43,1759.96,28.56,1461.43,32.62,172.52,111.35,22638.07,33.42,4364.48,27.96,1700.79,86.2,582.01,68.34,2524.31,36.67,22221.78,15.06,26345.36,41.12,334836.47,44.28,56.36,22.27,5582.56,16.8,3178.34,47.51,10483.78,39.26,6102.2,36.64,279.57,85.12,18.82,108.19,1821,42.74,866.84,44.62,126.39,44.78,1.12,81.12,958,34.38,31.47,31.18,1807.3,85.98,14.3,56.83,921.62,12,78.8,126.5,2.07,10.38,431.61,40.69,4.08,47.74,121.71,59.3,2037.8,95.56,2890.7,32.16,34.77,101.14,10.35,35.5,2184.33,74.92,78.25,69.04,316.76,178.4,2.48,100.83,110.26,24.24,20146.43,42.87,301.76,55.03,323.06,50.85,103.03,26.5,189.9,46.36,1.5,0.07,24514.18,76.18,1653.19,82.51,82863.8,66.35,2609280,24.7,1724043.09,15.63,101447.85,38.93,203.19,107.48,733.8,67.1,2136.02,132.52,2120.93,135.62,1212863.3,249.08,22.65,89.05,5751.55,14.73,2519.06,47.02,0.02,8.4,521548.8,35.12,0.93,16.72,3.47,7.08,210.69,52.58,58434.15,63.71,9.09,38.55,100345,133.28,11.92,49.53,0.67,33.34,20.56,36.39,15.47,42.45,11.21,22.93,0,0,201.05,38.25,8931.18,34.65,2249.95,100.36,614.98,55.57,31.25,66.31,2193.18,30.76,5.42,67.06,0.06,32.04,1435.62,89.78,216.88,56.08,8541.53,49.51,0.08,26.08,35.21,31.43,,,2.07,59.91,586.07,63.37,302.89,57.01,19453.95,29.73,35.26,25,538.17,27.72,452.06,68.21,73.32,30.77,90.33,29.47,1341.8,32.92,9535.55,10.58,881.29,27.94,1.54,5.14,16262.5,64.87,,,18.23,37.08,14.83,35.55,27895.16,20.24,119.12,20.68,4602.5,36.4,867.07,50.44,225.77,130.17,55.88,53.9,242.26,31.68,270.34,40.5,12723.25,16.33,1559.93,28.97,1.02,54.41,0.27,19.03,4301.43,68.91,44.3,1.57,4113.47,54.25,2814.38,72.01,11.8,68.63,7933.46,35.91,387.25,98.46,40.3,53.33,30.13,80.78,1.13,13.28,1787.94,47.09,8.14,20.72,1033.74,99.29,7390.9,75.41,1.85,80.21,3.03,79.68,1.59,80.58,313.79,73.56,5.01,29.16,6.68,13.71,1758.55,44.88,293.33,45.66,0,0,6257.18,38.87,12.93,28.34,27997.69,35.24,5690.81,43.57,,,1309.87,57.54,,,71.05,40.91,40.49,50.11,585.98,33.54,22.93,17.41,0.02,57.37,22327.13,31.21,1115.71,70.31,230.05,15.68,1602.19,88.17,18210.56,104.97,817.15,61.17,11165.58,7.65,15.54,19.47,1708.47,48.52,2187393.82,55.55,4525.99,48.72,58.66,35.14,7.25,51.07
2015,80.12,6.82,1045.02,71.89,1514.03,8.73,7680.54,62.33,3.55,102.09,3066.98,56.51,2352.32,46.6,599.96,36.83,290.55,86.18,19.63,36.11,5.65,65.69,7.24,63.31,5138.72,33.95,9.13,103.01,521018.67,59.91,435.63,106.31,2.71,76.26,1875.4,37.45,163.3,115.65,90.37,39.67,12.67,45.5,25.03,17.78,4351.32,73.7,0.5,3.09,23.23,26.9,2016.66,30.99,1738.1,38.38,189.1,119.33,25159.77,33.58,5641.07,33.51,1816.21,91.47,613.58,65.01,2531.87,39.31,26798.18,17.06,30024.04,43.9,396970.74,49.37,69.79,26.74,6775.52,18.81,3408.2,64.94,11983.68,42.38,6393.23,34.69,293.06,87.69,18.93,108.67,1831.82,40.95,905.6,45.64,170.33,55.5,1.13,82.42,1041.16,34.29,34.13,34.53,2130.98,87.66,15.18,58.92,1115.85,20.08,91.2,127.13,2.07,10.13,601.22,48.62,4.25,46.15,129.18,62.41,2112.19,96.79,3726.1,43.92,35.01,91.62,13.09,41.2,2148.24,71,98.11,73.32,314.02,178.4,2.39,92.66,118.64,24.26,24263.44,48.39,360.82,57.73,318.93,48.82,128.12,30.44,211.16,47.42,1.5,0.06,25460.36,75.52,1490.7,67.59,91607.22,67.2,3144829.96,27.25,1983645.89,17.11,130599.25,66.1,204.36,95.22,743.6,64.62,2169.86,132.6,2038.38,124.35,1238055.04,248.06,24.45,91.68,8946.24,23.29,3186.54,52.69,0.04,16.38,559792.16,35.94,1.1,19.18,3.82,10.59,291.26,68.75,64339.18,64.29,8.49,34.83,107277.65,139.08,15.54,59.97,0.81,39.97,34.6,65.41,15.79,42.47,11.28,21.8,0,0,212.6,38.59,10156.96,35.56,2377.6,83.43,664.11,57.41,35.14,72.88,2800.86,36.26,5.63,63.96,0.06,33.36,1202.32,78.11,236.48,58.11,9793.71,54,0.08,26.35,50.79,41.97,,,2.42,66.41,637.67,63.67,447.65,74.82,24616.01,32.04,44.44,27.16,609.09,28.67,449.94,67.61,74.71,30.36,103.85,31.18,1840.4,43.54,10948.53,11.5,877.58,27.94,4.64,20.63,17635,64.4,,,20.21,38.77,18.29,40.81,34909.04,23.83,141.15,23.06,4932.87,37.13,918.13,51.29,231.05,128.79,53.93,53.09,241.56,35.8,280.17,39.45,14242.86,17.71,2059.84,34.63,1.08,55.49,0.27,18.77,5797.7,82.49,142.3,5.81,4590.59,56.83,3076.39,77.43,12.46,68.09,10178.23,46.12,398.23,98.24,41.09,52.63,32.1,83.27,0.93,10.37,1997.89,50.06,20.04,56.87,1069.88,98.95,8410.48,74.43,1.58,65.46,3.18,82.98,1.5,73.59,347.66,68.93,7.62,43.32,9.06,17.39,1834,44.14,291.83,45.63,0,0,6393,38.27,17.38,35.91,36255.36,40.55,5783.32,43.11,,,1523.66,61.89,,,82.57,51.06,46.59,54.5,650.99,32.61,29.07,23.28,0.02,48.97,28347.47,35.36,1587.18,80.18,246.38,19.42,1664.52,89.3,18992.81,105.83,914.49,61.82,18326.68,10.69,16.77,20.5,2761.16,48.78,2486104.4,59.29,5429.37,68.56,100.85,52.95,7.57,53.01
2016,96.47,7.82,1079.04,70.42,2609.97,14.87,9659.23,70.07,3.44,95.57,4204.06,60.72,2570.6,48.53,659.3,39.12,296.33,85.53,21.86,40.13,5.89,66.85,9.24,81.71,5896.7,34.32,9.6,105.75,674577.15,69.51,447.18,106.76,3.38,92.43,2112.09,39.47,199.09,122.01,106.38,45.63,13.07,45.47,24.1,15.58,4840.18,76.26,0.5,3.91,26.73,30.19,2285.16,32.59,1990.72,39.48,199.86,121.67,27387.96,33.43,6800.72,38.01,1862.44,92.26,622.44,58.5,2571.31,43.12,32580.74,19.78,34188.99,46.76,419408.75,49.34,80.12,29.19,7602.74,19.76,3894.8,78.85,13732.28,45.03,6750.82,32.97,304.29,88.96,17.69,99.25,1911.71,41.27,962.1,47.38,215.22,63.62,1.2,83.06,1162.94,35.11,35.72,37.99,2457.75,89.35,16.26,59.52,1144.86,24.59,103.31,125.56,2.07,9.65,787.15,55.4,4.47,45.9,135.89,64.34,2179.42,98.21,4151.53,49.62,40.91,96.89,13.75,40.49,2130.3,68.23,115.98,74.1,0,0,2.38,88.31,128.43,24.18,27323.31,48.38,331.66,48.56,358.95,51.86,168.28,35.16,229.76,48.56,1.5,0.06,26348.75,74.83,1329.43,56.1,101363,66.5,3480957.93,27.57,2259455.24,17.53,161917.4,92.46,203.11,88.61,789.41,65.98,2214.21,133.03,2143.74,123.09,1262618.94,249.34,25.51,90.4,9069.9,22.14,3771.85,55.15,0.05,20.9,599658.25,37.3,1.39,23.41,6.06,18.81,339.36,72.34,69752.87,64.12,8.82,34.75,113477.47,142.57,17.35,61.4,0.95,45.01,50.54,91.92,16.32,42.14,11.76,21.7,0,0,221.57,38.32,12460.54,39.15,2577.94,73.01,704.08,55.83,41.86,82.81,2955.65,35.25,5.87,62.92,0.06,32.3,1376.22,87.24,251.69,58.27,10677.62,54.91,0.09,26.18,58.92,44.04,,,2.7,70.47,674.53,64.31,587.76,87.43,29807.99,32.01,55.51,30.95,704.07,29.9,456.96,66.56,76.53,29.94,116.53,31.56,2117.21,46.87,14027.71,13.25,887.62,27.94,7.06,35.53,19378.47,65,,,21.68,38.89,20.27,43.16,42022.15,26.55,162.62,25.29,5129.83,35.71,969.72,51.98,236.23,127.94,55.88,56.04,287.24,46.19,299.29,39.67,15650.36,18.39,2731.02,41.49,1.12,56.43,0.31,21.79,7211.62,91.9,398.6,17.19,5018.33,57.26,3269.61,78.85,12.52,64.78,12963.8,52.53,409.23,98.24,42.15,52.14,31.81,80.69,0.86,8.9,2190.77,51.43,26.23,40.52,1107.74,99.04,9319.46,75.95,1.52,59.57,3.33,86.05,1.7,80.34,345.15,58.3,10.36,45.42,11.06,20.1,1862.7,42.63,290.21,44.91,0,0,6479.91,38.25,26.82,50.27,42683.48,42.38,6093,43.74,,,1618.42,61.08,,,98.67,62.76,52.93,57.75,704.76,30.67,29.76,24.02,0.02,41.15,34406.14,37.94,2115.87,92.8,253.14,21.2,1715.29,89.14,19948.89,107.49,1043.15,63.03,31362.39,16.26,25.39,28.98,9856.12,35.97,2837396.26,62.42,6750.26,67.34,138.19,57.88,8.06,55.01
2017,106.4,8.01,1105.91,67.77,4720.06,24.45,11598.88,68.65,3.3,88.08,5204.3,60.87,2762.93,48.93,706.34,39.96,299.44,83.85,24.57,43.8,6.12,67.56,11.06,92.01,6734.69,34.18,10.03,106.58,748321.7,68.89,456.59,106.52,3.51,92.04,2331.04,40.63,229.62,122.12,123.54,48.28,13.37,44.5,19.99,11.83,5448.06,80.49,0.5,3.52,28.07,30.62,2495.51,33.01,2041.64,36.96,211.09,122.25,29551.77,33.01,7905.73,41.33,1904.16,90.56,625.45,52.11,2543.76,38.46,38803.89,22.51,38591.94,49.32,434469.77,47.99,85.82,29.59,9130.33,22.18,3838.87,68.99,15539.18,47.34,7097.22,31.47,314.36,88.99,17.47,95.32,1988.53,40.97,1005.1,47.73,229.75,61.33,1.23,81.28,1290.67,35.85,34.54,37.89,2788.65,88.82,17.63,61.79,1326.24,27.25,118.55,127.5,2.07,9.16,976.89,59.03,4.62,44.18,143.43,66.25,2241.63,98.84,4529.42,49.52,46.44,99.24,14.38,38.77,2114.46,65.88,131.52,72.21,0,0,2.22,78.26,139.01,24.28,29185.95,44.71,333.44,45.83,397.66,54.1,190.03,36.21,249.8,49.76,1.5,0.06,27531.94,74.46,1330.9,52.63,112082.63,65.56,3943830.32,28.4,2589041.6,17.71,184737.43,95.22,203.93,84.6,836.77,67.69,2238.32,131.71,2197.96,116.07,1282709.71,250.91,26.23,87.45,9384.89,20.46,4220.58,54.96,0.05,20.77,632505.59,37.45,1.53,24.36,8.04,22.08,378.87,73.52,78130.91,66.11,9.25,34.67,120307.09,147.62,18.23,58.5,1.08,47.65,65.86,98.94,16.8,41.42,12.61,22.13,0,0,241.26,39.67,13556.81,38.11,2851.27,67.45,743.33,54.96,51.6,95.84,3218.78,36.07,5.97,60.78,0.06,32.5,1559.26,94.58,264.75,57.56,11328.14,54.89,0.08,25.25,65.44,45.02,,,3.07,76.99,705.48,63.97,621.87,82.02,35145.2,32.24,64.01,31.82,804.85,29.45,460.59,64.89,77.08,29.02,132.32,32.16,2342.79,47.85,17100.68,13.98,936.02,27.94,9.03,41.7,20914.54,63.66,,,22.63,37.41,21.87,42.71,46147.56,27.28,174,25.48,5331.66,33.79,1028.96,52.85,241.4,127.33,57.39,57.7,371.97,56.38,321.46,40.21,17776.96,19.43,3194.29,43.27,1.16,57.01,0.32,21.57,7771.35,93.77,637.37,25.77,5356.9,56.22,3386.91,77.94,12,58.49,14422.26,52.14,420.24,97.93,43.81,51.89,33.33,81.78,1.02,10.07,2384.8,52.11,37.13,30.47,1136.39,98.47,10077.77,74.83,1.49,55.98,3.5,87.87,1.81,81.73,363.48,52.43,11.17,43.07,13.23,22.77,1916.01,41.9,288.98,44.12,0,0,6511.86,37.3,32.14,54.43,47944.26,42.58,6503.61,44.49,,,1798.29,63.13,,,114.18,69.4,57.81,59.27,753.67,29.2,32.44,24.54,0.02,33.32,40214.4,40.16,2395.57,92.31,258.66,19.71,1761.14,87.92,20727.73,107.48,1175.57,64.01,33990.66,15.19,35.52,37.79,124524.78,27.13,3202997.36,64.82,8110.69,58.15,162.14,58.61,8.45,54.89
2018,113.72,7.8,1121.98,64.14,6621.09,31.62,13472.6,67.72,3.16,79.98,6154.65,59.52,2989.89,49.43,730.03,39.1,302.05,82.19,27.41,47.43,6.29,67.38,12.52,99.22,7668.95,33.99,10.5,106.78,801254.65,66.76,464.91,105.51,3.62,90.6,2593.44,41.98,258.65,116.86,141.02,50.22,13.69,43.34,19.26,10.38,6075.12,83.61,0.5,3.08,29,30.42,2712.78,33.2,2061.84,33.82,221.39,120.45,31854.33,32.35,8988.48,43.82,1936.8,88.27,632.25,47.11,2489.72,35.22,44150.05,24.27,43015.46,51.23,448074.22,46.03,89.66,29.08,10986.08,24.77,3785.54,64.57,17510.56,49.33,7448.77,30.08,324.11,88.42,17.11,90.12,2056.24,40.58,1044.37,47.59,242.4,58.43,1.28,81.24,1409.23,36.02,34.04,37.31,3164.24,88.44,19.13,64.22,1560.83,31.17,134.93,128.09,2.07,8.64,1155.51,59.89,4.85,43.26,149.82,67.13,2293.71,98.51,4989.88,50.23,46.75,90.71,15.06,37.34,2092.91,63.43,145.67,71.1,0,0,2.19,73.65,149.04,24.19,31177.6,42.54,339.86,43.71,438.76,56.48,208.33,36.53,257.73,47.43,1.5,0.05,28569,73.47,1136.98,42.56,123640.06,64.3,4483624.02,29.31,2925809.57,18.04,194915.38,93.19,202.41,80.41,886.41,68.68,2244.52,129.42,2256.13,108.77,1300447.44,251.83,26.72,83.59,10275.25,20.18,4705.75,54.6,0.05,20.99,658242.95,37.17,1.49,22.28,9.91,24.88,415.33,72.03,87563.75,67.72,9.33,32.96,127994.44,151.03,19.14,55.26,1.19,47.96,90.22,121.73,17.22,40.15,13.39,22.37,0,0,258.99,40.37,15148.27,38.13,3145.42,64.56,780.13,53.6,62.48,108,3471.6,37.16,6.13,59.35,0.06,32.68,1678.46,95.31,280.94,57.33,11897.81,54.5,0.09,26.83,71.01,45,,,3.33,80.35,737.04,63.2,691.24,80.01,41431,32.81,70.49,31.23,906.07,29.52,468.96,64,73.91,26.59,150.74,32.72,2520.68,47.04,20225.07,14.3,987.38,27.94,11.1,48.34,22259.29,61.29,,,23.22,35.26,24.44,45.07,51160.64,28.17,184.44,25.43,5545.43,31.95,1086.25,52.82,245.93,126.44,59.04,59.27,438.22,60.33,344.92,40.69,19935.93,20.62,3617.14,43.69,1.17,55.21,0.33,21.51,8250.07,93.34,873.55,33.3,5674.75,54.76,3488.84,75.11,10.92,50.29,16011.51,50.94,431.34,96.92,45.36,51.19,34.93,83.11,1.22,11.48,2596.25,52.58,43.07,25.5,1160.26,97.6,10949.6,73.74,1.46,52.55,3.68,88.16,1.9,81.78,383.04,47.88,11.52,39.37,15.63,25.45,1944.23,40.78,288.58,43.08,0,0,6508.78,35.97,38.99,59.62,53652.49,42.59,6960.35,45.29,,,1887.47,61.57,,,130.54,74.21,61.29,60.19,805.64,28.25,26.62,19.1,0.01,26.68,47410.86,43.13,2502.31,85.86,263.35,18.55,1803.97,86.37,21505.63,106.75,1306.36,64.26,36267.87,13.98,44.76,44.48,3030190.74,23.19,3577059.68,66.43,9436.55,54.48,184.73,59.06,9.45,58.13
2019,135.02,8.4,1121.75,59.69,8322.55,36.68,15221.86,66.3,2.99,71.94,6838.85,57.5,3177.6,48.81,748.03,38.04,303.78,80.33,30.49,51.23,6.42,66.48,14.18,107.25,8716.86,33.85,10.98,106.69,853730.64,64.81,474.58,104.79,3.75,89.47,2871.61,43.09,294.59,117.2,158.84,51.59,13.8,41.11,18.54,9.07,6764.88,86.36,0.5,2.54,29.5,29.71,2950.87,33.4,2105.73,31.32,229.49,117.2,34170.74,31.57,9895.06,45.08,1965.65,85.93,639.34,43.31,2389.99,30.69,48756.58,25.31,47407.14,52.4,455032.15,43.26,88.05,26.82,12561.11,26.03,3723.22,59.92,19662.28,51.23,7837.69,28.9,333.89,87.54,16.83,85.4,2128.7,40.33,1080.17,47.08,238.87,52.24,1.34,81.25,1558.36,36.65,33.47,36.03,3567.41,88.43,20.77,66.98,1708.83,33.34,151.96,127.4,2.08,8.18,1306.74,57.98,5.12,42.71,155.2,67.21,2334.26,97.32,5394.43,50.19,47.13,83.05,15.5,35.56,2063.25,60.78,155.89,67.6,0,0,2.16,69.1,160.13,24.09,33778.93,41.04,353.93,42.56,482.03,58.61,222.41,35.88,272.91,46.27,0,0,29485.84,72.24,1071.41,37.91,136186.29,62.92,5050672.6,29.92,3173575.45,17.84,197342.74,87.49,202.29,77.23,938.43,69.38,2247.27,126.84,2295.05,101.03,1317861.82,251.88,27.02,79.28,11260.45,20.06,5181.15,53.54,0.05,21.26,673901.37,36.29,1.61,22.74,11.64,26.78,451.09,71.06,98475.99,69.27,9.47,31.57,136795.9,154.43,20.04,52.98,1.3,47.56,102.57,123.53,17.59,38.67,14.14,22.51,0,0,281.18,41.46,16969.17,38.35,3469.97,63.13,812.98,51.98,72.34,116,3749.01,37.85,6.28,57.7,0.07,32.96,1795.71,93.26,298.04,57.02,12489.88,53.88,0.1,28.28,76.05,44.26,,,3.43,79.52,765.63,61.81,773.29,78.78,48493.25,33.4,76.77,30.54,993.74,29.56,477.06,63.08,73.45,25.31,170.73,33.13,2685.65,46.1,24076.88,14.94,1041.18,27.94,12.95,53.52,23717.01,59.03,,,23.95,33.54,26.99,46.17,56484.64,28.94,193.66,25.17,5774.95,30.2,1137.42,52.31,250.94,125.59,61.23,60.92,495.25,63.05,370,41.32,21927.97,21.46,4054.18,43.63,1.18,53.19,0.33,21.47,8242.82,86.46,1076.99,38.74,5996.15,53.1,3604.8,72.12,10.73,46.45,17732.81,49.61,442.55,95.73,46.96,50.44,36.65,84.24,1.46,13.07,2824.38,52.85,49.68,24.99,1179.1,96.2,11952.79,73.02,1.44,49.5,3.86,88.53,1.96,80.39,404.29,44.14,11.87,37.3,18.31,28.24,2005.13,40.22,288.6,41.94,0,0,6476.34,34.35,44.89,61.95,59961.19,42.51,7410.92,45.87,,,1983.89,60.2,,,148.91,79.8,62.57,57.14,847.15,26.94,24.3,16.48,0.01,21.47,54504.39,45,2552.29,79.42,268.2,17.49,1807.12,83.08,22353.92,106.37,1431.22,64.25,37539.41,12.46,54.21,50.92,101180754.4,21.86,3980627.9,67.59,10790.86,52.71,203.75,58.21,10.09,58.59
2020,177.08,10,1124.54,55.71,9824.17,39.94,17026.34,65.03,2.8,64.11,7347.77,56.29,3378.07,48.2,760.58,36.77,305.48,78.5,33.85,54.68,6.53,65.36,15.35,110.98,9880.03,33.6,11.48,106.59,923337.62,63.8,483.97,103.83,3.87,88.57,3167.82,44.03,340.67,120.3,177.34,52.8,13.67,38.1,18.12,8.08,7490.29,89.12,0.5,2.26,29.52,28.41,3233.57,33.85,2147.81,28.92,238.18,114.25,36308.75,30.5,10938.6,46.6,1987.51,83.37,645.85,40.17,2304.17,27.75,53070.87,25.91,52043.46,53.12,465915.34,40.98,87,24.86,14234.88,27.24,3681.51,58.52,21793.76,52.82,7869.27,26.56,344.14,86.52,16.53,80.99,2203.14,40.07,1109.89,46.29,234.99,47.07,1.37,80.22,1734.82,37.54,31.46,33.89,3972.76,87.7,22.54,69.76,1758.1,33.95,170.43,136.37,2.08,7.68,1473.08,55.87,5.4,42.16,159.43,66.61,2360.18,95.37,5713.15,49.36,46.28,74.06,15.95,33.83,2039.84,58.39,168.1,65.14,0,0,2.12,64.57,172.17,23.94,36316.22,39.38,369.35,41.42,527.97,60.6,231,34.29,285.42,44.6,0,0,30504.33,71.28,1055.91,35.51,149960.06,61.51,5664583.05,30.41,3429976.16,17.64,193535.22,79.92,202.54,74.28,992.99,70.01,2247.92,124.2,2319.46,93.46,1335279.96,251.83,27.4,75.42,11724.43,18.81,5685.08,52.39,0.06,21.09,687522.42,35.28,1.73,22.99,13.5,28.8,490.16,70.23,110218.02,70.23,9.58,30.13,146660.16,158.08,21.12,51.13,1.39,45.99,101.65,104.69,17.91,37.14,14.93,22.63,0,0,304.71,42.38,18818.67,38.29,3811.28,61.49,843.35,50.11,79.59,118.08,4074.43,38.66,6.42,56.03,0.07,33.24,1877.79,89.69,315.97,56.64,13126.29,53.02,0.11,29.69,81.12,43.32,,,3.49,76.7,790.28,59.99,867.52,77.85,56314.24,33.86,83.72,30.11,1073.26,29.3,484.88,62.08,73.74,24.28,192.61,33.41,2853.07,44.65,28828.52,15.88,1090.49,27.94,14.71,57.96,25062.04,56.15,,,24.6,31.86,29.54,46.93,62584.84,29.71,204.98,25.1,6028.86,28.62,1185.41,51.49,255.75,124.47,63.25,62.31,559.03,66.71,396.62,41.91,22679.74,21.02,4527.28,43.77,1.2,51.28,0.34,21.39,8229.72,79.51,1292.54,44.29,6338.09,51.53,3735.3,69.09,10.42,42.34,18607.86,46.18,453.89,94.29,48.61,49.68,38.47,85.39,1.77,14.92,3070.24,53.08,55.72,23.77,1196.43,94.58,13061.45,72.37,1.41,46.58,4.06,88.96,2.02,79.01,429.49,41.29,12.31,36.41,21.21,31,2025.77,38.96,288.65,40.77,0,0,6411.72,32.44,51.13,63.7,67069.88,42.5,7813.65,45.89,,,2133.55,60.16,,,169.52,85.94,64.33,54.49,898.06,25.96,21.98,14.04,0.01,16.51,61500.07,45.99,2563.7,72.38,273.06,16.5,1800.55,79.38,23216.52,106.14,1580.43,64.67,43024.02,12.27,61.64,54.89,4024656700,21.4,4424765.13,68.4,12302.83,52.51,221.04,56.94,9.96,54.48
2021,236.75,12.13,1129.6,52.13,11080.99,41.52,19040.66,64.17,2.6,56.34,7989.15,56.81,3711.52,48.97,771.07,35.36,309.18,77.22,37.5,58.26,6.59,64.1,16.74,115.8,11137.28,33.63,12.02,106.76,996944.7,62.72,493.6,102.88,3.98,87.39,3485.2,44.87,395.99,123.17,196.42,53.81,13.72,35.84,17.49,7.17,8257.57,91.71,0.5,2.07,29.51,27.11,3552.36,34.39,2190.76,26.66,245.38,111,38807.76,29.72,12024.46,47.96,2000.53,80.62,653.04,38.25,2284.84,25.76,57142.92,26.18,57212.37,53.84,488698.78,40.32,86.05,23.08,14959.83,26.48,3553.46,54.52,24146.67,54.45,7850.22,24.32,354.8,85.76,16.21,76.56,2277.53,39.76,1135.38,45.32,231.52,42.48,1.4,78.8,1942.71,38.68,30.95,32.82,4373.37,85.73,24.43,72.51,1644.55,31.13,192.45,133.53,2.08,7.2,1663.94,54.06,5.7,41.59,162.82,65.59,2370.63,92.63,5978.93,48.21,47.9,69.61,16.41,32.17,2013.18,56.01,178.25,62.1,0,0,2.08,60.12,185.42,23.77,38989.47,37.83,386.94,40.46,572.46,61.89,238.91,32.64,290.95,41.97,0,0,31537.34,70.28,994.3,31.81,165245.06,60.09,6345381.82,30.9,3307752.39,15.59,178178.23,68.98,202.06,71.19,1050.27,70.53,2247.53,121.56,2336.41,86.6,1353055.65,251.67,28.03,72.37,12198.58,18.26,6144.72,50.61,0.05,19.38,700081.37,34.21,1.87,23.42,15.64,31.15,513.61,67.7,122669.89,70.78,9.73,28.88,157501.68,161.66,23.56,55.04,1.46,44.99,119.17,116.76,18.26,35.79,15.75,22.69,0,0,336.85,44.18,22202.01,40.79,4202.59,60.22,870.64,48.08,87.46,120.09,4422.34,39.37,6.56,54.41,0.07,33.64,1972.72,87.41,333.76,56.07,13815.05,52.14,0.11,30.96,87.14,42.69,,,3.52,72.92,822.55,58.7,981.79,60.06,65427.21,34.33,93.69,30.5,1152.93,28.87,493.4,61.05,72.85,22.94,218.2,33.81,3083.65,44.88,34295.46,16.9,1137.21,27.94,16.07,60.55,26480.99,53.61,,,25.34,30.35,32.34,47.65,68561.46,29.86,216.47,24.9,6329.82,27.26,1229.36,50.39,261.66,123.8,65.27,63.44,613.34,68.99,424.94,42.42,22947.65,20.16,5060.65,43.5,1.21,49.46,0.35,21.39,8208.02,72.89,1554.77,51,6684.41,49.96,3854.22,65.92,10.23,38.48,19193.93,42.62,465.34,92.86,50.22,48.79,40.39,86.56,2.12,17.21,3335.15,53.27,62.96,24.95,1211.26,92.83,14331.56,72.03,1.38,43.54,4.27,89.52,2.08,77.6,454.75,38.68,12.77,35.26,24.27,33.94,2029.81,37.43,288.71,39.63,0,0,6311.14,30.25,54.56,61.37,75063.61,42.54,8193.35,45.59,,,2242.52,58.81,,,192.6,92.36,65.5,51.5,953.6,25.11,19.66,11.81,0.01,21.56,67365.35,45.51,2549.19,65.29,278.01,15.69,1791.72,75.79,24135.13,106.02,1745.18,64.83,44474.67,10.95,65.25,55.07,1.83705E+11,21.25,4916110.29,68.97,14069.62,53.29,239.13,55.81,9.94,51.19
